,Document_No,Dominant_Topic,Topic_Perc_Contrib,Keywords,Text
0,0,0.0,1.0,"live, discuss, time, interact, class, engag, work, peopl, question, peer","['make', 'learn', 'collabor', 'school']"
1,1,0.0,1.0,"live, discuss, time, interact, class, engag, work, peopl, question, peer","['peopl', 'free', 'respond', 'time', 'argument', 'construct', 'concis', 'manner']"
2,2,0.0,1.0,"live, discuss, time, interact, class, engag, work, peopl, question, peer","['good', 'opinion', 'view', 'subject']"
3,3,0.0,1.0,"live, discuss, time, interact, class, engag, work, peopl, question, peer","['work', 'thesi', 'work', 'project', 'veryyi', 'hard', 'social', 'contact', 'motiv', 'weekli', 'meet', 'supervisor', 'skype', 'help']"
4,4,0.0,1.0,"live, discuss, time, interact, class, engag, work, peopl, question, peer","['pressur', 'onlin', 'video', 'talk', 'lectur', 'directli']"
5,5,0.0,1.0,"live, discuss, time, interact, class, engag, work, peopl, question, peer","['engag', 'interest']"
6,6,0.0,1.0,"live, discuss, time, interact, class, engag, work, peopl, question, peer","['time', 'thoughtsopinion', 'return', 'session', 'access', 'attend', 'real', 'time', 'session']"
7,7,0.0,1.0,"live, discuss, time, interact, class, engag, work, peopl, question, peer","['stuck', 'engag']"
8,8,0.0,1.0,"live, discuss, time, interact, class, engag, work, peopl, question, peer","['class', 'isnt', 'teacher', 'talk', 'make', 'individu', 'assign']"
9,9,0.0,1.0,"live, discuss, time, interact, class, engag, work, peopl, question, peer","['onlin', 'class', 'student', 'discuss', 'voic', 'opinion', 'involv', 'class', 'normal']"
10,10,0.0,1.0,"live, discuss, time, interact, class, engag, work, peopl, question, peer","['ask', 'question', 'peopl', 'contribut']"
11,11,0.0,1.0,"live, discuss, time, interact, class, engag, work, peopl, question, peer","['engag', 'peopl', 'ask', 'question']"
12,12,0.0,1.0,"live, discuss, time, interact, class, engag, work, peopl, question, peer","['interact', 'feel', 'retain', 'content', 'taught', 'longer', 'clearer', 'understand', 'work', 'cover']"
13,13,0.0,1.0,"live, discuss, time, interact, class, engag, work, peopl, question, peer","['ask', 'question', 'professor', 'explain', 'kind', 'routin', 'product', 'record', 'lesson', 'hey', 'live', 'listen', 'listen', 'answer', 'question']"
14,14,0.0,1.0,"live, discuss, time, interact, class, engag, work, peopl, question, peer","['degre', 'theoret', 'natur', 'benefit', 'appli', 'theori', 'question', 'lectur', 'give', 'easi', 'zone', 'onlin', 'class', 'discuss', 'forum', 'forc', 'stay', 'track']"
15,15,0.0,1.0,"live, discuss, time, interact, class, engag, work, peopl, question, peer","['activ', 'part', 'class', 'feel', 'inspir', 'immedi', 'transform', 'taught', 'materi', 'knowledg']"
16,16,0.0,1.0,"live, discuss, time, interact, class, engag, work, peopl, question, peer","['easier', 'live', 'class']"
17,17,0.0,1.0,"live, discuss, time, interact, class, engag, work, peopl, question, peer","['push', 'deeper', 'convers']"
18,18,0.0,1.0,"live, discuss, time, interact, class, engag, work, peopl, question, peer","['interact', 'time', 'understand', 'content']"
19,19,0.0,1.0,"live, discuss, time, interact, class, engag, work, peopl, question, peer","['work', 'time']"
20,20,0.0,1.0,"live, discuss, time, interact, class, engag, work, peopl, question, peer","['feel', 'uncomfort', 'front', 'camera']"
21,21,0.0,1.0,"live, discuss, time, interact, class, engag, work, peopl, question, peer","['time', 'wifi', 'good', 'zoom']"
22,22,0.0,1.0,"live, discuss, time, interact, class, engag, work, peopl, question, peer","['learn', 'engag', 'discuss', 'take', 'longer', 'usual', 'person', 'phrase', 'thought', 'prefer', 'chat', 'live', 'confer']"
23,23,0.0,1.0,"live, discuss, time, interact, class, engag, work, peopl, question, peer","['engag', 'closest', 'thing', 'activ', 'learn', 'concentr']"
24,24,0.0,1.0,"live, discuss, time, interact, class, engag, work, peopl, question, peer","['encourag', 'activ', 'think', 'particip']"
25,25,0.0,1.0,"live, discuss, time, interact, class, engag, work, peopl, question, peer","['feel', 'interrupt', 'live', 'class', 'record', 'lectur', 'interact', 'discuss', 'forum', 'person', 'prefer']"
26,26,0.0,1.0,"live, discuss, time, interact, class, engag, work, peopl, question, peer","['effici', 'flexibl', 'upload', 'materi', 'miss', 'hear', 'people’', 'voic', 'interact', 'discuss']"
27,27,0.0,1.0,"live, discuss, time, interact, class, engag, work, peopl, question, peer","['interact', 'key', 'learn']"
28,28,0.0,1.0,"live, discuss, time, interact, class, engag, work, peopl, question, peer",['benefici']
29,29,0.0,1.0,"live, discuss, time, interact, class, engag, work, peopl, question, peer",['interact']
30,30,0.0,1.0,"live, discuss, time, interact, class, engag, work, peopl, question, peer","['feel', 'ask', 'question', 'gain', 'understand', 'lot', 'exampl']"
31,31,0.0,1.0,"live, discuss, time, interact, class, engag, work, peopl, question, peer","['record', 'discuss']"
32,32,0.0,1.0,"live, discuss, time, interact, class, engag, work, peopl, question, peer","['interact', 'teacher', 'student']"
33,33,0.0,1.0,"live, discuss, time, interact, class, engag, work, peopl, question, peer","['ask', 'peer', 'question', 'discuss', 'topic', 'taught']"
34,34,0.0,1.0,"live, discuss, time, interact, class, engag, work, peopl, question, peer","['easier', 'simpler']"
35,35,0.0,1.0,"live, discuss, time, interact, class, engag, work, peopl, question, peer","['subject', 'requir', 'check', 'teacher', 'progress', 'actual', 'teach']"
36,36,0.0,1.0,"live, discuss, time, interact, class, engag, work, peopl, question, peer","['engag', 'discuss', 'peer', 'learn', 'school', 'independ', 'work', 'set', 'email', 'resourc', 'motiv', 'work', 'found', 'difficult', 'understand', 'work', 'independ']"
37,37,0.0,1.0,"live, discuss, time, interact, class, engag, work, peopl, question, peer","['enabl', 'think', 'topic', 'interact', 'classmat', 'eas']"
38,38,0.0,1.0,"live, discuss, time, interact, class, engag, work, peopl, question, peer","['understand', 'content']"
39,39,0.0,1.0,"live, discuss, time, interact, class, engag, work, peopl, question, peer","['particip', 'choos', 'receiv', 'feedbackexplan', 'easili']"
40,40,0.0,1.0,"live, discuss, time, interact, class, engag, work, peopl, question, peer","['zone', 'distract']"
41,41,0.0,1.0,"live, discuss, time, interact, class, engag, work, peopl, question, peer","['awkward', 'lag', 'video', 'call', 'learn']"
42,42,0.0,1.0,"live, discuss, time, interact, class, engag, work, peopl, question, peer",['engag']
43,43,0.0,1.0,"live, discuss, time, interact, class, engag, work, peopl, question, peer","['engag', 'convers', 'timepac']"
44,44,0.0,1.0,"live, discuss, time, interact, class, engag, work, peopl, question, peer","['discuss', 'forum', 'chat', 'bit', 'flexibl', 'time', 'manag', 'live', 'class', 'student', 'engag', 'classmat', 'teacher', 'curriculum']"
45,45,0.0,1.0,"live, discuss, time, interact, class, engag, work, peopl, question, peer","['activ', 'learner']"
46,46,0.0,1.0,"live, discuss, time, interact, class, engag, work, peopl, question, peer","['face', 'face', 'contact', 'teacher', 'classmat']"
47,47,0.0,1.0,"live, discuss, time, interact, class, engag, work, peopl, question, peer","['clear', 'doubt', 'effect']"
48,48,0.0,1.0,"live, discuss, time, interact, class, engag, work, peopl, question, peer","['prework', 'selftim', 'discuss', 'take', 'knowledg', 'action', 'group', 'perspect']"
49,49,0.0,1.0,"live, discuss, time, interact, class, engag, work, peopl, question, peer","['anxiou', 'live', 'call', 'find', 'interact', 'help']"
50,50,0.0,1.0,"live, discuss, time, interact, class, engag, work, peopl, question, peer","['face', 'face', 'onlin', 'teach', 'discuss', 'board', 'post', 'mean', 'thought', 'itlong', 'time', 'prepar']"
51,51,0.0,1.0,"live, discuss, time, interact, class, engag, work, peopl, question, peer","['work', 'pace']"
52,52,0.0,1.0,"live, discuss, time, interact, class, engag, work, peopl, question, peer","['learn', 'mir', 'interact']"
53,53,0.0,1.0,"live, discuss, time, interact, class, engag, work, peopl, question, peer","['pressur', 'answer']"
54,54,0.0,1.0,"live, discuss, time, interact, class, engag, work, peopl, question, peer","['feel', 'learn', 'view']"
55,55,0.0,1.0,"live, discuss, time, interact, class, engag, work, peopl, question, peer","['help', 'interactengag', 'pressur', 'join', 'live', 'time', 'live', 'qa’', 'good', 'real', 'time', 'feedback', 'wait', 'email', 'respons']"
56,56,0.0,1.0,"live, discuss, time, interact, class, engag, work, peopl, question, peer","['easier', 'understand', 'work', 'people’', 'point', 'view']"
57,57,0.0,1.0,"live, discuss, time, interact, class, engag, work, peopl, question, peer","['interact', 'eachoth', 'live', 'lesson', 'student', 'camera', 'particip', 'activ', 'class']"
58,58,0.0,1.0,"live, discuss, time, interact, class, engag, work, peopl, question, peer","['help', 'feel', 'isol', 'classmat']"
59,59,0.0,1.0,"live, discuss, time, interact, class, engag, work, peopl, question, peer","['combin', 'live', 'class', 'student', 'opportun', 'voic', 'opinion', 'exchang', 'idea', 'professor', 'fellow', 'student']"
60,60,0.0,1.0,"live, discuss, time, interact, class, engag, work, peopl, question, peer","['id', 'prefer', 'constant', 'feedback', 'support', 'dont', 'upload', 'materi', 'dont', 'video', 'call', 'class']"
61,61,0.0,1.0,"live, discuss, time, interact, class, engag, work, peopl, question, peer","['question', 'easi', 'ask', 'explain', 'person', 'commun', 'class', 'opinion']"
62,62,0.0,1.0,"live, discuss, time, interact, class, engag, work, peopl, question, peer","['interact', 'pressur', 'live']"
63,63,0.0,1.0,"live, discuss, time, interact, class, engag, work, peopl, question, peer","['engag', 'need', 'continu', 'concentr']"
64,64,0.0,1.0,"live, discuss, time, interact, class, engag, work, peopl, question, peer","['microsoft', 'team']"
65,65,0.0,1.0,"live, discuss, time, interact, class, engag, work, peopl, question, peer","['interact', 'record', 'lectur']"
66,66,0.0,1.0,"live, discuss, time, interact, class, engag, work, peopl, question, peer","['show', 'face', 'speak']"
67,67,0.0,1.0,"live, discuss, time, interact, class, engag, work, peopl, question, peer",['feedback']
68,68,0.0,1.0,"live, discuss, time, interact, class, engag, work, peopl, question, peer","['discuss', 'idea', 'peer', 'anxieti', 'group', 'call']"
69,69,0.0,1.0,"live, discuss, time, interact, class, engag, work, peopl, question, peer","['interact', 'feel', 'engag', 'content', 'rememb', 'interact', 'lesson']"
70,70,0.0,1.0,"live, discuss, time, interact, class, engag, work, peopl, question, peer","['engag', 'watch', 'lectur']"
71,71,0.0,1.0,"live, discuss, time, interact, class, engag, work, peopl, question, peer","['interact', 'friend', 'teacher']"
72,72,0.0,1.0,"live, discuss, time, interact, class, engag, work, peopl, question, peer","['chanc', 'process', 'inform', 'time']"
73,73,0.0,1.0,"live, discuss, time, interact, class, engag, work, peopl, question, peer","['larger', 'room', 'idea']"
74,74,0.0,1.0,"live, discuss, time, interact, class, engag, work, peopl, question, peer","['includ', 'interact', 'tune', 'lesson', 'includ', 'interact', 'hard', 'focu', 'thing', 'feel', 'side']"
75,75,0.0,1.0,"live, discuss, time, interact, class, engag, work, peopl, question, peer","['freedom', 'manag', 'time', 'live', 'class', 'discuss', 'concept', 'ask', 'question']"
76,76,0.0,1.0,"live, discuss, time, interact, class, engag, work, peopl, question, peer","['support', 'work', 'clue']"
77,77,0.0,1.0,"live, discuss, time, interact, class, engag, work, peopl, question, peer","['intimid', 'facetofac', 'live', 'chat', 'work', 'choos', 'time', 'studi']"
78,78,0.0,1.0,"live, discuss, time, interact, class, engag, work, peopl, question, peer","['list', 'explain']"
79,79,0.0,1.0,"live, discuss, time, interact, class, engag, work, peopl, question, peer","['discuss', 'doubt']"
80,80,0.0,1.0,"live, discuss, time, interact, class, engag, work, peopl, question, peer","['fors', 'focus', 'lectur', 'easier', 'rememb', 'present', 'inform']"
81,81,0.0,1.0,"live, discuss, time, interact, class, engag, work, peopl, question, peer","['talk', 'question', 'answer', 'anxieti', 'video', 'call']"
82,82,0.0,1.0,"live, discuss, time, interact, class, engag, work, peopl, question, peer","['stress', 'live', 'class', 'good', 'method', 'learn', 'involv', 'stress']"
83,83,0.0,1.0,"live, discuss, time, interact, class, engag, work, peopl, question, peer","['classmat', 'teacher']"
84,84,0.0,1.0,"live, discuss, time, interact, class, engag, work, peopl, question, peer","['feel', 'classroom']"
85,85,0.0,1.0,"live, discuss, time, interact, class, engag, work, peopl, question, peer","['classroom', 'environ', 'direct', 'support', 'peopl', 'work']"
86,86,0.0,1.0,"live, discuss, time, interact, class, engag, work, peopl, question, peer","['chat', 'peopl', 'freeli', 'whilst', 'lecturerseminar', 'leader', 'speak', 'issu', 'delay', 'video', 'audiopressur']"
87,87,0.0,1.0,"live, discuss, time, interact, class, engag, work, peopl, question, peer","['enjoy', 'fact', 'interact', 'feel', 'closest', 'actual', 'school']"
88,88,0.0,1.0,"live, discuss, time, interact, class, engag, work, peopl, question, peer","['easier', 'commun', 'classmat', 'teacher']"
89,89,0.0,1.0,"live, discuss, time, interact, class, engag, work, peopl, question, peer","['quizz', 'chat', 'make', 'activ', 'learn', 'effici', 'interact']"
90,90,0.0,1.0,"live, discuss, time, interact, class, engag, work, peopl, question, peer","['zoom', 'meet', 'chaotic', 'miss', 'discuss', 'fellow', 'classmat', 'discuss', 'board', 'hear', 'other’', 'opinion']"
91,91,0.0,1.0,"live, discuss, time, interact, class, engag, work, peopl, question, peer","['help', 'understand', 'content', 'appli']"
92,92,0.0,1.0,"live, discuss, time, interact, class, engag, work, peopl, question, peer","['easi', 'lost', 'feel', 'commun', 'school', 'work', 'aw', 'sens', 'motiv']"
93,93,0.0,1.0,"live, discuss, time, interact, class, engag, work, peopl, question, peer","['easi', 'work', 'upload', 'class', 'opportun', 'ask', 'question', 'whilst', 'independ', 'work']"
94,94,0.0,1.0,"live, discuss, time, interact, class, engag, work, peopl, question, peer",['awkward']
95,95,0.0,1.0,"live, discuss, time, interact, class, engag, work, peopl, question, peer","['learn', 'intimid', 'zoom', 'call']"
96,96,0.0,1.0,"live, discuss, time, interact, class, engag, work, peopl, question, peer","['make', 'track']"
97,97,0.0,1.0,"live, discuss, time, interact, class, engag, work, peopl, question, peer",['gmeet']
98,98,0.0,1.0,"live, discuss, time, interact, class, engag, work, peopl, question, peer","['allevi', 'pressur', 'procrastin']"
99,99,0.0,1.0,"live, discuss, time, interact, class, engag, work, peopl, question, peer","['easier', 'understand', 'topic', 'ask', 'question', 'topic']"
100,100,0.0,1.0,"live, discuss, time, interact, class, engag, work, peopl, question, peer","['friend', 'social', 'confid', 'chanc', 'feel', 'comfort', 'give', 'input']"
101,101,0.0,1.0,"live, discuss, time, interact, class, engag, work, peopl, question, peer","['find', 'discuss', 'idea', 'peer', 'help', 'consolid', 'inform']"
102,102,0.0,1.0,"live, discuss, time, interact, class, engag, work, peopl, question, peer",['engag']
103,103,0.0,1.0,"live, discuss, time, interact, class, engag, work, peopl, question, peer","['fine', 'art', 'student', 'mean', 'onlin', 'teach', 'hard', 'discuss', 'valuabl', 'educ']"
104,104,0.0,1.0,"live, discuss, time, interact, class, engag, work, peopl, question, peer","['talk', 'peopl', 'oblig', 'talk']"
105,105,0.0,1.0,"live, discuss, time, interact, class, engag, work, peopl, question, peer","['answer', 'time', 'feedback', 'lectur', 'read', 'peopl']"
106,106,0.0,1.0,"live, discuss, time, interact, class, engag, work, peopl, question, peer","['express', 'opinion', 'easier', 'boost', 'grade']"
107,107,0.0,1.0,"live, discuss, time, interact, class, engag, work, peopl, question, peer",['chanc']
108,108,0.0,1.0,"live, discuss, time, interact, class, engag, work, peopl, question, peer","['interact', 'face', 'face', 'camera', 'time', 'work', 'time', 'zone']"
109,109,0.0,1.0,"live, discuss, time, interact, class, engag, work, peopl, question, peer","['interact', 'make', 'easi', 'switch', 'distract']"
110,110,0.0,1.0,"live, discuss, time, interact, class, engag, work, peopl, question, peer","['requir', 'student', 'studi', 'understand', 'materi', 'come', 'discuss', 'professor', 'classmat', 'fill', 'gap', 'knowledg']"
111,111,0.0,1.0,"live, discuss, time, interact, class, engag, work, peopl, question, peer","['find', 'hard', 'concentr', 'stay', 'motiv', 'livestream', 'doctor', 'read', 'pp']"
112,112,0.0,1.0,"live, discuss, time, interact, class, engag, work, peopl, question, peer",['interact']
113,113,0.0,1.0,"live, discuss, time, interact, class, engag, work, peopl, question, peer","['find', 'daunt', 'onlin', 'student', 'afraid', 'speak']"
114,114,0.0,1.0,"live, discuss, time, interact, class, engag, work, peopl, question, peer","['engag', 'onlin', 'class', 'support', 'question']"
115,115,0.0,1.0,"live, discuss, time, interact, class, engag, work, peopl, question, peer","['choos', 'complet', 'activ']"
116,116,0.0,1.0,"live, discuss, time, interact, class, engag, work, peopl, question, peer","['help', 'understand']"
117,117,0.0,1.0,"live, discuss, time, interact, class, engag, work, peopl, question, peer","['find', 'discuss', 'peer', 'opinion', 'thing', 'help', 'develop', 'learn', 'memoris', 'topic', 'exam', 'find', 'indepth', 'discuss', 'rememb', 'subject', 'email', 'materi', 'sheet', 'fill', 'document', 'read', 'main', 'mode', 'teach', 'find', 'learn', 'subject', 'teacher', 'record', 'lectur', 'good', 'talk', 'materi', 'prefer', 'discuss', 'student', 'give', 'idea', 'perspect', 'answer', 'question', 'essay', 'zoom', 'live', 'hous', 'peopl', 'mean', 'constant', 'nois', 'distract', 'wifi', 'bad', 'find', 'zoom', 'lectur', 'pretti', 'imposs']"
118,118,0.0,1.0,"live, discuss, time, interact, class, engag, work, peopl, question, peer","['share', 'idea', 'opinion', 'easili']"
119,119,0.0,1.0,"live, discuss, time, interact, class, engag, work, peopl, question, peer","['similar', 'class', 'wifi', 'kick', 'run']"
120,120,0.0,1.0,"live, discuss, time, interact, class, engag, work, peopl, question, peer","['easier', 'ask', 'question']"
121,121,0.0,1.0,"live, discuss, time, interact, class, engag, work, peopl, question, peer","['interact', 'teacher', 'schoolmat', 'posit', 'forc', 'activ', 'particip', 'discuss', 'pay', 'attent']"
122,122,0.0,1.0,"live, discuss, time, interact, class, engag, work, peopl, question, peer","['experienc', 'didnt']"
123,123,0.0,1.0,"live, discuss, time, interact, class, engag, work, peopl, question, peer","['interact', 'peopl', 'distanc']"
124,124,0.0,1.0,"live, discuss, time, interact, class, engag, work, peopl, question, peer","['live', 'answer', 'teacher']"
125,125,0.0,1.0,"live, discuss, time, interact, class, engag, work, peopl, question, peer","['question', 'answer', 'work', 'pace']"
126,126,0.0,1.0,"live, discuss, time, interact, class, engag, work, peopl, question, peer","['wed', 'understand', 'time', 'explor']"
127,127,0.0,1.0,"live, discuss, time, interact, class, engag, work, peopl, question, peer","['engag', 'focus', 'attent', 'listen', 'answer', 'correctli']"
128,128,0.0,1.0,"live, discuss, time, interact, class, engag, work, peopl, question, peer",['simplest']
129,129,0.0,1.0,"live, discuss, time, interact, class, engag, work, peopl, question, peer","['commun', 'easier', 'inform', 'easi', 'find', 'written']"
130,130,0.0,1.0,"live, discuss, time, interact, class, engag, work, peopl, question, peer","['simpl', 'understand', 'laptop', 'run', 'batteri', 'super', 'quick']"
131,131,0.0,1.0,"live, discuss, time, interact, class, engag, work, peopl, question, peer","['easier', 'work', 'feel', 'wast', 'class', 'time']"
132,132,0.0,1.0,"live, discuss, time, interact, class, engag, work, peopl, question, peer","['good', 'mix', 'guidanc', 'seminar', 'leader', 'contribut', 'classmat', 'make', 'engag', 'lot', 'student', 'feel', 'confid', 'contribut', 'compar', 'zoom', 'interest', 'spark', 'debat']"
133,133,0.0,1.0,"live, discuss, time, interact, class, engag, work, peopl, question, peer","['alongsid', 'record', 'materi', 'w', 'muself']"
134,134,0.0,1.0,"live, discuss, time, interact, class, engag, work, peopl, question, peer","['insight', 'student', 'contribut', 'learn', 'help', 'develop', 'critic', 'think']"
135,135,0.0,1.0,"live, discuss, time, interact, class, engag, work, peopl, question, peer","['ask', 'question', 'find', 'people’', 'opinion', 'feel', 'sociabl', 'formal']"
136,136,0.0,1.0,"live, discuss, time, interact, class, engag, work, peopl, question, peer","['work', 'start', 'day', 'knew', 'task', 'class', 'motiv', 'class', 'time', 'found', 'onlin', 'meet', 'call', 'end', 'distract', 'easili', 'phone', 'check', 'work', 'class', 'start', 'work', 'onlin', 'meet', 'easiest', 'thing', 'explain', 'ask', 'question']"
137,137,0.0,1.0,"live, discuss, time, interact, class, engag, work, peopl, question, peer","['feedback', 'students’', 'respons', 'good', 'engag', 'feel', 'part', 'thing', 'anxieti', 'induc', 'zoom', 'artifici', 'social', 'atmospher', 'difficult', 'easi', 'feel', '‚put', 'spot‘', 'time', 'larg', 'imposs', 'kind', 'tight', 'regul', 'schedul', 'studi', 'uni']"
138,138,0.0,1.0,"live, discuss, time, interact, class, engag, work, peopl, question, peer","['talk', 'question', 'people’', 'view', 'topic']"
139,139,0.0,1.0,"live, discuss, time, interact, class, engag, work, peopl, question, peer","['easier', 'understand', 'materi', 'reach', 'teacher', 'part', 'understand', 'concept', 'email', 'take', 'lot', 'longer', '23', 'day']"
140,140,0.0,1.0,"live, discuss, time, interact, class, engag, work, peopl, question, peer","['ask', 'question', 'easier', 'feel', 'comfort', 'peopl']"
141,141,0.0,1.0,"live, discuss, time, interact, class, engag, work, peopl, question, peer","['possibl', 'engag', 'discuss', 'law', 'student', 'vital', 'enhanc', 'compet', 'field', 'law', 'degre', 'month', 'turn', 'primarili', 'focus', 'passiv', 'learn', 'proven', 'deterior', 'learn', 'outcom']"
142,142,0.0,1.0,"live, discuss, time, interact, class, engag, work, peopl, question, peer","['interact', 'onlin', 'system', 'learn', 'interact', 'teacher', 'peer']"
143,143,0.0,1.0,"live, discuss, time, interact, class, engag, work, peopl, question, peer","['enabl', 'peopl', 'talk', 'openli', 'convers', 'video', 'stilt']"
144,144,0.0,1.0,"live, discuss, time, interact, class, engag, work, peopl, question, peer","['interact', 'tutor', 'real', 'time', 'wait', 'respons', 'compar', 'live', 'call', 'complet', 'task', 'pace', 'time', 'motiv', 'onlin', 'chat']"
145,145,0.0,1.0,"live, discuss, time, interact, class, engag, work, peopl, question, peer","['complet', 'work', 'pace', 'research', 'commun', 'teacher', 'feel', 'unnecessari', 'prolong']"
146,146,0.0,1.0,"live, discuss, time, interact, class, engag, work, peopl, question, peer","['engag', 'make', 'activ', 'part', 'class', 'help', 'retain', 'taught', 'materi']"
147,147,0.0,1.0,"live, discuss, time, interact, class, engag, work, peopl, question, peer","['question', 'answer', 'quickli', 'back', 'search', 'peopl', 'question']"
148,148,0.0,1.0,"live, discuss, time, interact, class, engag, work, peopl, question, peer",['peopl']
149,149,0.0,1.0,"live, discuss, time, interact, class, engag, work, peopl, question, peer","['your', 'work', 'materi', 'pace', 'break', 'lot', 'effici', 'arent', 'carri', 'teacher', 'engag', 'brain']"
150,150,0.0,1.0,"live, discuss, time, interact, class, engag, work, peopl, question, peer","['possibl', 'interact', 'classmat', 'professor', 'whilst', 'freedom', 'work', 'schedul']"
151,151,0.0,1.0,"live, discuss, time, interact, class, engag, work, peopl, question, peer","['feel', 'time', 'prepar', 'discuss', 'topic', 'sit', 'listen', 'take', 'note', 'fore', 'hour', 'row']"
152,152,0.0,1.0,"live, discuss, time, interact, class, engag, work, peopl, question, peer","['effect', 'learn']"
153,153,0.0,1.0,"live, discuss, time, interact, class, engag, work, peopl, question, peer","['activ', 'particip', 'discuss', 'attent', 'engag', 'materi']"
154,154,0.0,1.0,"live, discuss, time, interact, class, engag, work, peopl, question, peer","['feel', 'englishcr', 'write', 'degre', 'discuss', 'board', 'peer', 'review', 'paper', 'workshop', 'past', 'month', 'lot', 'anxieti', 'induc', 'previou', 'class', 'inperson', 'workshop', 'reason', 'enjoy', 'class', 'fair', 'bit', 'semest']"
155,155,0.0,1.0,"live, discuss, time, interact, class, engag, work, peopl, question, peer","['talk', 'answer', 'fear', 'speak', 'call', 'question', 'answer', 'email']"
156,156,0.0,1.0,"live, discuss, time, interact, class, engag, work, peopl, question, peer","['access', 'inform', 'time', 'conveni']"
157,157,0.0,1.0,"live, discuss, time, interact, class, engag, work, peopl, question, peer","['understand', 'contribut', 'idea']"
158,158,0.0,1.0,"live, discuss, time, interact, class, engag, work, peopl, question, peer","['dont', 'video', 'chat', 'bad', 'wifi', 'signal', 'laptop', 'webcam', 'isnt', 'work', 'talk', 'class', 'tutor', 'messag', 'easier']"
159,159,0.0,1.0,"live, discuss, time, interact, class, engag, work, peopl, question, peer","['studi', 'particip', 'listen']"
160,160,0.0,1.0,"live, discuss, time, interact, class, engag, work, peopl, question, peer","['appli', 'knowledg', 'learn']"
161,161,0.0,1.0,"live, discuss, time, interact, class, engag, work, peopl, question, peer","['interact', 'requir', 'focus', 'think']"
162,162,0.0,1.0,"live, discuss, time, interact, class, engag, work, peopl, question, peer","['question', 'discuss', 'place', 'real', 'time', 'allow', 'understand', 'subject', 'enabl', 'ask', 'question', 'freeli']"
163,163,0.0,1.0,"live, discuss, time, interact, class, engag, work, peopl, question, peer","['discuss', 'ask', 'question', 'embarrass', 'peopl', 'live', 'video']"
164,164,0.0,1.0,"live, discuss, time, interact, class, engag, work, peopl, question, peer","['easier', 'follow']"
165,165,0.0,1.0,"live, discuss, time, interact, class, engag, work, peopl, question, peer","['peopl', 'turn', 'discuss', 'depth', 'engag']"
166,166,0.0,1.0,"live, discuss, time, interact, class, engag, work, peopl, question, peer","['chanc', 'ask', 'question', 'challeng', 'think', 'perspect', 'chattystyl', 'lesson', 'appreci', 'time']"
167,167,0.0,1.0,"live, discuss, time, interact, class, engag, work, peopl, question, peer","['ask', 'question', 'real', 'time', 'teacher', 'present']"
168,168,0.0,1.0,"live, discuss, time, interact, class, engag, work, peopl, question, peer","['opportun', 'discuss', 'bounc', 'idea', 'student']"
169,169,0.0,1.0,"live, discuss, time, interact, class, engag, work, peopl, question, peer","['abil', 'ask', 'question', 'live', 'convers', 'back', 'respons']"
170,170,0.0,1.0,"live, discuss, time, interact, class, engag, work, peopl, question, peer","['straight', 'forward', 'assign', 'convers', 'topic', 'irrelevantli', 'student']"
171,171,0.0,1.0,"live, discuss, time, interact, class, engag, work, peopl, question, peer","['ask', 'question', 'understood']"
172,172,0.0,1.0,"live, discuss, time, interact, class, engag, work, peopl, question, peer","['prefer', 'watch', 'record', 'lectur', 'join', 'dicuss', 'wil', 'form', 'knowledg', 'ask', 'question', 'topic', 'insight']"
173,173,0.0,1.0,"live, discuss, time, interact, class, engag, work, peopl, question, peer","['chat', 'opinion', 'class']"
174,174,0.0,1.0,"live, discuss, time, interact, class, engag, work, peopl, question, peer","['materi', 'call', 'professor']"
175,175,0.0,1.0,"live, discuss, time, interact, class, engag, work, peopl, question, peer","['commun', 'teacher']"
176,176,0.0,1.0,"live, discuss, time, interact, class, engag, work, peopl, question, peer","['studi', 'understand', 'lesson', 'ask', 'question', 'onlin', 'class', 'professor', 'take', 'time', 'explain', 'peopl', 'disturb', 'ask', 'repeat', 'entir', 'class', 'mess']"
177,177,0.0,1.0,"live, discuss, time, interact, class, engag, work, peopl, question, peer","['interact', 'live', 'teacher', 'class', 'pressur', 'speakb', 'hous']"
178,178,0.0,1.0,"live, discuss, time, interact, class, engag, work, peopl, question, peer","['enjoy', 'discuss', 'forum', 'learn', 'motiv', 'watch', 'lectur', 'advanc', 'engag', 'lectur', 'modul']"
179,179,0.0,1.0,"live, discuss, time, interact, class, engag, work, peopl, question, peer","['learn', 'need', 'speak']"
180,180,0.0,1.0,"live, discuss, time, interact, class, engag, work, peopl, question, peer","['time', 'studi', 'subject', 'talk', 'professor']"
181,181,0.0,1.0,"live, discuss, time, interact, class, engag, work, peopl, question, peer","['impli', 'real', 'time', 'respons', 'actual', 'interact', 'feedback', 'enabl', 'student', 'ask', 'question', 'answer', 'understand', 'hand', 'answer', 'sheet']"
182,182,0.0,1.0,"live, discuss, time, interact, class, engag, work, peopl, question, peer","['interact', 'ask', 'question']"
183,183,0.0,1.0,"live, discuss, time, interact, class, engag, work, peopl, question, peer","['motiv', 'read', 'appli', 'knowledg', 'discuss', 'argument', 'student', 'afraid', 'ask', 'question', 'clarif', 'understand']"
184,184,0.0,1.0,"live, discuss, time, interact, class, engag, work, peopl, question, peer","['hear', 'involv', 'everyon', 'take', 'view', 'answer', 'feel', 'onlin', 'live', 'class', 'isnt', 'case', 'learn', 'learn', 'onlin', 'class', 'replac', 'classroom', 'eager', 'student', 'teacher', 'care']"
185,185,0.0,1.0,"live, discuss, time, interact, class, engag, work, peopl, question, peer","['room', 'discuss', 'engag', 'class']"
186,186,0.0,1.0,"live, discuss, time, interact, class, engag, work, peopl, question, peer","['anxieti', 'awkward', 'realtim', 'video', 'discuss']"
187,187,0.0,1.0,"live, discuss, time, interact, class, engag, work, peopl, question, peer",['easier']
188,188,0.0,1.0,"live, discuss, time, interact, class, engag, work, peopl, question, peer","['studi', 'reli', 'help', 'teamwork', 'lot', 'felt', 'assign']"
189,189,0.0,1.0,"live, discuss, time, interact, class, engag, work, peopl, question, peer",['commun']
190,190,0.0,1.0,"live, discuss, time, interact, class, engag, work, peopl, question, peer","['flexibl', 'time', 'zone']"
191,191,0.0,1.0,"live, discuss, time, interact, class, engag, work, peopl, question, peer","['whilst', 'detail', 'email', 'lesson', 'cover', 'content', 'absenc', 'debat', 'opportun', 'particip', 'live', 'discuss', 'insight', 'class', 'discuss', 'wouldv', 'benefici']"
192,192,0.0,1.0,"live, discuss, time, interact, class, engag, work, peopl, question, peer","['interact', 'student']"
193,193,0.0,1.0,"live, discuss, time, interact, class, engag, work, peopl, question, peer","['work', 'effici', 'effect']"
194,194,0.0,1.0,"live, discuss, time, interact, class, engag, work, peopl, question, peer","['activ', 'reli', 'resourc', 'bad', 'internet', 'conect', 'attend', 'live', 'class']"
195,195,0.0,1.0,"live, discuss, time, interact, class, engag, work, peopl, question, peer","['share', 'idea', 'feel', 'understand', 'part']"
196,196,0.0,1.0,"live, discuss, time, interact, class, engag, work, peopl, question, peer","['add', 'content', 'ask', 'question', 'contact', 'friend', 'uni']"
197,197,0.0,1.0,"live, discuss, time, interact, class, engag, work, peopl, question, peer","['student', 'person', 'studi', 'content', 'gain', 'background', 'knowledg', 'appli', 'knowledg', 'complex', 'question', 'discuss', 'faster', 'depth', 'learn', 'rote', 'memoris']"
198,198,0.0,1.0,"live, discuss, time, interact, class, engag, work, peopl, question, peer","['interact', 'help', 'retain', 'inform']"
199,199,0.0,1.0,"live, discuss, time, interact, class, engag, work, peopl, question, peer","['grow', 'greater', 'understand', 'subject', 'hear', 'peopl', 'thought']"
200,200,0.0,1.0,"live, discuss, time, interact, class, engag, work, peopl, question, peer","['minim', 'contact', 'timefram']"
201,201,0.0,1.0,"live, discuss, time, interact, class, engag, work, peopl, question, peer","['chanc', 'discuss', 'answer', 'queri', 'teacher', 'whilst', 'form', 'verbal', 'commun']"
202,202,0.0,1.0,"live, discuss, time, interact, class, engag, work, peopl, question, peer","['onlin', 'uni', 'feel', 'v', 'imperson', 'anxieti', 'find', 'video', 'discuss', 'horrif']"
203,203,0.0,1.0,"live, discuss, time, interact, class, engag, work, peopl, question, peer","['mean', 'commun', 'time', 'suit', 'prefer', 'school', 'night', 'work', 'day', 'supermarket', 'help', 'flexibl', 'mean', 'continu', 'key', 'worker']"
204,204,0.0,1.0,"live, discuss, time, interact, class, engag, work, peopl, question, peer","['ask', 'question']"
205,205,0.0,1.0,"live, discuss, time, interact, class, engag, work, peopl, question, peer","['nice', 'hear', 'peopl', 'opinion', 'learn', 'knowledg']"
206,206,0.0,1.0,"live, discuss, time, interact, class, engag, work, peopl, question, peer","['talk', 'work', 'problem', 'attempt']"
207,207,0.0,1.0,"live, discuss, time, interact, class, engag, work, peopl, question, peer","['express', 'opinion', 'discuss']"
208,208,0.0,1.0,"live, discuss, time, interact, class, engag, work, peopl, question, peer","['depend', 'prof', 'class', 'possibl', 'miscommun', 'written', 'instruct', 'materi']"
209,209,0.0,1.0,"live, discuss, time, interact, class, engag, work, peopl, question, peer","['feel', 'easier', 'engag', 'written', 'fun', 'engag', 'type', 'time', 'bore', 'listen', 'teacher', 'student', 'talk', 'chat', 'mode', 'make', 'feel', 'access', 'easi', 'commun', 'worri', 'sound', 'dumb', 'type', 'edit', 'post']"
210,210,0.0,1.0,"live, discuss, time, interact, class, engag, work, peopl, question, peer","['art', 'base', 'fashion', 'textil', 'student', 'practic', 'zoom', 'call']"
211,211,0.0,1.0,"live, discuss, time, interact, class, engag, work, peopl, question, peer","['lot', 'inform', 'discuss', 'perspect', 'angel', 'cross', 'mind', 'addit', 'ask', 'question']"
212,212,0.0,1.0,"live, discuss, time, interact, class, engag, work, peopl, question, peer","['discuss', 'topic', 'effect', 'find', 'understood']"
213,213,0.0,1.0,"live, discuss, time, interact, class, engag, work, peopl, question, peer","['interact', 'casual', 'time']"
214,214,0.0,1.0,"live, discuss, time, interact, class, engag, work, peopl, question, peer","['miss', 'class', 'discuss', 'mode', 'close', 'presenci', 'experi']"
215,215,0.0,1.0,"live, discuss, time, interact, class, engag, work, peopl, question, peer","['zoom', 'oblig', 'contribut', 'microphon', 'video', 'turn', 'whilst', 'post', 'deadlin', 'mean', 'peopl', 'respond', 'order', 'mark', 'mean', 'discuss', 'type', 'speak']"
216,216,0.0,1.0,"live, discuss, time, interact, class, engag, work, peopl, question, peer",['engag']
217,217,0.0,1.0,"live, discuss, time, interact, class, engag, work, peopl, question, peer","['face', 'fave']"
218,218,0.0,1.0,"live, discuss, time, interact, class, engag, work, peopl, question, peer","['interact', 'learn']"
219,219,0.0,1.0,"live, discuss, time, interact, class, engag, work, peopl, question, peer","['discuss', 'topic', 'make', 'easier', 'absorb', 'inform']"
220,220,0.0,1.0,"live, discuss, time, interact, class, engag, work, peopl, question, peer","['time', 'question', 'answer', 'method', 'explain', 'depth', 'restrict']"
221,221,0.0,1.0,"live, discuss, time, interact, class, engag, work, peopl, question, peer","['interact', 'student', 'teacher']"
222,222,0.0,1.0,"live, discuss, time, interact, class, engag, work, peopl, question, peer","['class', 'collabor']"
223,223,0.0,1.0,"live, discuss, time, interact, class, engag, work, peopl, question, peer","['feel', 'activ', 'learn', 'mindlessli', 'read', 'screen']"
224,224,0.0,1.0,"live, discuss, time, interact, class, engag, work, peopl, question, peer","['person', 'feedback', 'work', 'pacetim']"
225,225,0.0,1.0,"live, discuss, time, interact, class, engag, work, peopl, question, peer","['interact', 'learn', 'discuss', 'forum', 'easi', 'discuss', 'contribut']"
226,226,0.0,1.0,"live, discuss, time, interact, class, engag, work, peopl, question, peer","['lectur', 'unhelp', 'felt', 'pointless']"
227,227,0.0,1.0,"live, discuss, time, interact, class, engag, work, peopl, question, peer","['live', 'chat', 'easier', 'foster', 'creat', 'discuss', 'zoom', 'record', 'lectur', 'lectur', 'write', 'slide', 'take', '3', 'time', 'long', 'watch', 'note']"
228,228,0.0,1.0,"live, discuss, time, interact, class, engag, work, peopl, question, peer","['discuss', 'chatsforum', 'stimul', 'discuss', 'real', 'life', 'forc', 'particip', 'passiv', 'learn']"
229,229,0.0,1.0,"live, discuss, time, interact, class, engag, work, peopl, question, peer","['comfort', 'talk']"
230,230,0.0,1.0,"live, discuss, time, interact, class, engag, work, peopl, question, peer","['practic', 'learn', 'opportun', 'bounc', 'feel', 'classroom', 'learn', 'environ', 'learn', 'feel', 'student', 'left', 'room', 'procrastin']"
231,231,0.0,1.0,"live, discuss, time, interact, class, engag, work, peopl, question, peer","['prefer', 'feel', 'integr', 'appli', 'concept']"
232,232,0.0,1.0,"live, discuss, time, interact, class, engag, work, peopl, question, peer","['interact', 'fellow', 'student', 'lecturerseminar', 'leader', 'ask', 'question', 'interact', 'normal', 'class']"
233,233,0.0,1.0,"live, discuss, time, interact, class, engag, work, peopl, question, peer","['prefer', 'discuss', 'chat', 'time', 'formul', 'answer', 'idea', 'peopl', 'flow', 'oppos', 'mimic', 'person', 'organ', 'discuss', 'zoom', 'found', 'clunki', 'unsuccess']"
234,234,0.0,1.0,"live, discuss, time, interact, class, engag, work, peopl, question, peer","['live', 'class', 'chaotic', 'noisi', 'peopl', 'loud', 'background', 'nois', 'chat', 'forum', 'ask', 'question', 'clarifi', 'doubt', 'write', 'think', 'pay', 'attent', 'make', 'phrase', 'sentenc', 'make', 'sens', 'wifi', 'connect', 'slow', 'send', 'messag', 'eventu', 'reach', 'wait', 'person', 'screen', 'unfreez']"
235,235,0.0,1.0,"live, discuss, time, interact, class, engag, work, peopl, question, peer",['engag']
236,236,0.0,1.0,"live, discuss, time, interact, class, engag, work, peopl, question, peer","['easier', 'ask', 'question', 'school', 'set', 'send', 'email', 'clear', 'stuff']"
237,237,0.0,1.0,"live, discuss, time, interact, class, engag, work, peopl, question, peer","['actual', 'engag', 'paddiv', 'listen']"
238,238,0.0,1.0,"live, discuss, time, interact, class, engag, work, peopl, question, peer",['access']
239,239,0.0,1.0,"live, discuss, time, interact, class, engag, work, peopl, question, peer","['zoom', 'awkward', 'difficult', '“speak', 'up”']"
240,240,0.0,1.0,"live, discuss, time, interact, class, engag, work, peopl, question, peer","['read', 'assign', 'listen', 'watch', 'help', 'understand']"
241,241,0.0,1.0,"live, discuss, time, interact, class, engag, work, peopl, question, peer","['interact', 'increas', 'attent']"
242,242,0.0,1.0,"live, discuss, time, interact, class, engag, work, peopl, question, peer","['feel', 'learn', 'teacher', 'teach', 'materi', 'classmat', 'collabor', 'skill', 'solv', 'problem', 'singl', 'classmat', 'kinda', 'struggl', 'classroom', 'set', 'pressur', 'weaken']"
243,243,0.0,1.0,"live, discuss, time, interact, class, engag, work, peopl, question, peer","['opportun', 'particip', 'discuss', 'time', 'put', 'thought', 'order']"
244,244,0.0,1.0,"live, discuss, time, interact, class, engag, work, peopl, question, peer","['easier', 'interact', 'teacher', 'classmat']"
245,245,0.0,1.0,"live, discuss, time, interact, class, engag, work, peopl, question, peer","['social', 'interact', 'learn', 'lectur']"
246,246,0.0,1.0,"live, discuss, time, interact, class, engag, work, peopl, question, peer","['independ', 'work', 'check', 'call', 'discuss']"
247,247,0.0,1.0,"live, discuss, time, interact, class, engag, work, peopl, question, peer","['time', 'interact']"
248,248,0.0,1.0,"live, discuss, time, interact, class, engag, work, peopl, question, peer","['enabl', 'work', 'ask', 'question', 'discuss']"
249,249,0.0,1.0,"live, discuss, time, interact, class, engag, work, peopl, question, peer","['discuss', 'interact', 'feel', 'actual', 'class', 'depend', 'subject']"
250,250,0.0,1.0,"live, discuss, time, interact, class, engag, work, peopl, question, peer","['prefer', 'mode', 'mode', 'introduc', 'onlin', 'cours', 'school', 'zoom', 'googl', 'meet', 'begin', 'find', 'uncomfort', 'tough', 'home', 'situat']"
251,251,0.0,1.0,"live, discuss, time, interact, class, engag, work, peopl, question, peer","['make', 'account', 'comment', 'engag', 'content']"
252,252,0.0,1.0,"live, discuss, time, interact, class, engag, work, peopl, question, peer","['tend', 'easili', 'distract', 'learn', 'express', 'doubt', 'opinion', 'lead', 'understand', 'topic', 'prefer', 'open', 'discuss', 'big', 'class']"
253,253,0.0,1.0,"live, discuss, time, interact, class, engag, work, peopl, question, peer","['talk', 'help', 'understand']"
254,254,0.0,1.0,"live, discuss, time, interact, class, engag, work, peopl, question, peer","['interact', 'passiv', 'particip', 'discuss']"
255,255,0.0,1.0,"live, discuss, time, interact, class, engag, work, peopl, question, peer","['speak', 'front', '50', 'peopl', 'barrier', 'particip', 'onlin', 'discuss', 'board', 'imo', 'nuanc', 'construct', 'discuss', 'extens', 'learn', 'peopl', 'opportun', 'reflect', 'retyp', 'press', 'submit']"
256,256,0.0,1.0,"live, discuss, time, interact, class, engag, work, peopl, question, peer","['felt', 'learnt', 'interact', 'interest']"
257,257,0.0,1.0,"live, discuss, time, interact, class, engag, work, peopl, question, peer","['grasp', 'format', 'relat']"
258,258,0.0,1.0,"live, discuss, time, interact, class, engag, work, peopl, question, peer","['discuss', 'focus', 'understand', 'appli', 'learn', 'help', 'put', 'expect', 'perspect', 'promot', 'critic', 'think', 'analysi']"
259,259,0.0,1.0,"live, discuss, time, interact, class, engag, work, peopl, question, peer",['interact']
260,260,0.0,1.0,"live, discuss, time, interact, class, engag, work, peopl, question, peer",['interact']
261,261,0.0,1.0,"live, discuss, time, interact, class, engag, work, peopl, question, peer","['studi', 'theatr', 'proper', 'onlin', 'cours', 'live', 'class']"
262,262,0.0,1.0,"live, discuss, time, interact, class, engag, work, peopl, question, peer","['chanc', 'ask', 'understand', 'video', 'chat', 'peopl', 'talk', 'time']"
263,263,0.0,1.0,"live, discuss, time, interact, class, engag, work, peopl, question, peer","['regular', 'seminar']"
264,264,0.0,1.0,"live, discuss, time, interact, class, engag, work, peopl, question, peer","['vari', 'bore']"
265,265,0.0,1.0,"live, discuss, time, interact, class, engag, work, peopl, question, peer","['rare', 'discuss', 'assing', 'teacher']"
266,266,0.0,1.0,"live, discuss, time, interact, class, engag, work, peopl, question, peer","['prefer', 'combin', 'record', 'lectur', 'discuss', 'forum', 'make', 'understand', 'task', 'make', 'soak', 'task', 'tackl', 'creativ', 'idea']"
267,267,0.0,1.0,"live, discuss, time, interact, class, engag, work, peopl, question, peer","['enjoy', 'engag', 'learn', 'discuss', 'idea', 'concept', 'find', 'easier', 'deeper', 'level', 'detail']"
268,268,0.0,1.0,"live, discuss, time, interact, class, engag, work, peopl, question, peer","['engag', 'fun', 'sit', 'room', 'listen', '8', 'hour']"
269,269,0.0,1.0,"live, discuss, time, interact, class, engag, work, peopl, question, peer","['distract', 'call', 'friend', 'video']"
270,270,0.0,1.0,"live, discuss, time, interact, class, engag, work, peopl, question, peer","['india', 'place', 'access', 'internet', 'jammu', 'kashmir', 'onlin', 'class', 'conduct', 'platform', 'zoom', 'happen', 'time', 'student', 'poor', 'connect', 'internet', 'class', 'conduct', 'miss', 'prefer', 'discuss', 'forumschat', 'mode', 'store', 'inform', 'time', 'student', 'access', 'internet', 'onlin', 'learn', 'exclud', 'student', 'privileg', 'background', 'discuss', 'chat', 'make', 'inclus']"
271,271,0.0,1.0,"live, discuss, time, interact, class, engag, work, peopl, question, peer",['interact']
272,272,0.0,1.0,"live, discuss, time, interact, class, engag, work, peopl, question, peer","['freedom', 'decid', 'studi', 'specif', 'materi', 'schedul', 'teacher', 'reli', 'presenc']"
273,273,0.0,1.0,"live, discuss, time, interact, class, engag, work, peopl, question, peer","['open', 'discuss', 'read', 'materi', 'lectur', 'make', 'ask', 'effici', 'question', 'lectur', 'live', 'lectur']"
274,274,0.0,1.0,"live, discuss, time, interact, class, engag, work, peopl, question, peer","['easier', 'engag', 'teacher', 'student', 'video', 'talk', 'joke', 'environ', 'make', 'video', 'lesson', 'difficult']"
275,275,0.0,1.0,"live, discuss, time, interact, class, engag, work, peopl, question, peer","['interact', 'easier', 'learn', 'understand']"
276,276,0.0,1.0,"live, discuss, time, interact, class, engag, work, peopl, question, peer","['motiv', 'live', 'camera', 'turn', 'eye']"
277,277,0.0,1.0,"live, discuss, time, interact, class, engag, work, peopl, question, peer","['discuss', 'board', 'time', 'differ', 'peer', 'interact', 'record', 'lectur', 'lack', 'peer', 'bother']"
278,278,0.0,1.0,"live, discuss, time, interact, class, engag, work, peopl, question, peer","['intimid', 'video', 'call', 'deal', 'privaci', 'issu', 'call', 'inconveni', 'famili', 'forum', 'easier']"
279,279,0.0,1.0,"live, discuss, time, interact, class, engag, work, peopl, question, peer","['live', 'feedback']"
280,280,0.0,1.0,"live, discuss, time, interact, class, engag, work, peopl, question, peer","['engag', 'student']"
281,281,0.0,1.0,"live, discuss, time, interact, class, engag, work, peopl, question, peer","['hear', 'people’', 'view', 'opinion']"
282,282,0.0,1.0,"live, discuss, time, interact, class, engag, work, peopl, question, peer","['actual', 'human', 'interact', 'xd']"
283,283,0.0,1.0,"live, discuss, time, interact, class, engag, work, peopl, question, peer","['engag', 'question', 'abilityknowledg', 'find', 'help', 'understand', 'concept']"
284,284,0.0,1.0,"live, discuss, time, interact, class, engag, work, peopl, question, peer","['time', 'digest', 'content', 'offer', 'opinion', 'idea', 'ask', 'question']"
285,285,0.0,1.0,"live, discuss, time, interact, class, engag, work, peopl, question, peer",['interact']
286,286,0.0,1.0,"live, discuss, time, interact, class, engag, work, peopl, question, peer","['feel', 'combin', 'discuss', 'forum', 'record', 'lectur', 'opportun', 'ask', 'question', 'live', 'class', 'good', 'person', 'feel', 'confid', 'question', 'difficult', 'set', 'time', 'peopl', 'volunt', 'work', 'theyr', 'key', 'worker']"
287,287,0.0,1.0,"live, discuss, time, interact, class, engag, work, peopl, question, peer","['creativ', 'degre', 'help', 'talk', 'work', 'bounc', 'idea']"
288,288,0.0,1.0,"live, discuss, time, interact, class, engag, work, peopl, question, peer","['ask', 'question', 'camera']"
289,289,0.0,1.0,"live, discuss, time, interact, class, engag, work, peopl, question, peer","['video', 'call', 'slow', 'discuss', 'natur', 'discuss', 'occur']"
290,290,0.0,1.0,"live, discuss, time, interact, class, engag, work, peopl, question, peer","['work', 'easier', 'uncertain', 'schedul']"
291,291,0.0,1.0,"live, discuss, time, interact, class, engag, work, peopl, question, peer","['confront', 'easier', 'post', 'question', 'repli']"
292,292,0.0,1.0,"live, discuss, time, interact, class, engag, work, peopl, question, peer","['engag', 'student', 'learn']"
293,293,0.0,1.0,"live, discuss, time, interact, class, engag, work, peopl, question, peer","['r', 'inform', 'fun']"
294,294,0.0,1.0,"live, discuss, time, interact, class, engag, work, peopl, question, peer","['discuss', 'materi', 'ask', 'question']"
295,295,0.0,1.0,"live, discuss, time, interact, class, engag, work, peopl, question, peer","['chanc', 'engag', 'materi', 'discuss', 'make', 'understood']"
296,296,0.0,1.0,"live, discuss, time, interact, class, engag, work, peopl, question, peer","['freedom', 'express', 'listen', 'opinion']"
297,297,0.0,1.0,"live, discuss, time, interact, class, engag, work, peopl, question, peer","['learn', 'content', 'discuss', 'engag', 'peopl', 'quiet', 'time', 'lockdown']"
298,298,0.0,1.0,"live, discuss, time, interact, class, engag, work, peopl, question, peer","['work', 'inclin', 'work']"
299,299,0.0,1.0,"live, discuss, time, interact, class, engag, work, peopl, question, peer","['live', 'time', 'work', 'ensur', 'properli', 'understood', 'opportun', 'ask', 'teachersclassm', 'question', 'unsur']"
300,300,0.0,1.0,"live, discuss, time, interact, class, engag, work, peopl, question, peer","['easi', 'commun', 'text', 'base', 'fewer', 'technic', 'difficulti']"
301,301,0.0,1.0,"live, discuss, time, interact, class, engag, work, peopl, question, peer","['discuss', 'topic', 'time', 'ask', 'professor', 'question', 'crucial', 'understand', 'retain', 'inform']"
302,302,0.0,1.0,"live, discuss, time, interact, class, engag, work, peopl, question, peer","['discuss', 'figur', 'understand', 'topic', 'gain', 'inform']"
303,303,0.0,1.0,"live, discuss, time, interact, class, engag, work, peopl, question, peer","['student', 'staff', 'convers', 'bounc', 'idea', 'watch', 'record', 'input']"
304,304,0.0,1.0,"live, discuss, time, interact, class, engag, work, peopl, question, peer","['straight', 'point', 'option']"
305,305,0.0,1.0,"live, discuss, time, interact, class, engag, work, peopl, question, peer","['work', 'peer']"
306,306,0.0,1.0,"live, discuss, time, interact, class, engag, work, peopl, question, peer","['take', 'anxieti', 'facetofac', 'teach', 'revisit', 'time', 'restrict', 'time', 'saywrit', 'seminar']"
307,307,0.0,1.0,"live, discuss, time, interact, class, engag, work, peopl, question, peer","['back', 'back', 'inform', 'struggl']"
308,308,0.0,1.0,"live, discuss, time, interact, class, engag, work, peopl, question, peer","['easiest', 'discuss', 'idea']"
309,309,0.0,1.0,"live, discuss, time, interact, class, engag, work, peopl, question, peer","['teacher', 'need']"
310,310,0.0,1.0,"live, discuss, time, interact, class, engag, work, peopl, question, peer","['feel', 'school', 'normal', 'discuss', 'valuabl', 'point']"
311,311,0.0,1.0,"live, discuss, time, interact, class, engag, work, peopl, question, peer","['involv', 'discuss', 'peer', 'content', 'assign', 'activ', 'learn', 'compar', 'record', 'lectur', 'zoom', 'class']"
312,312,0.0,1.0,"live, discuss, time, interact, class, engag, work, peopl, question, peer","['learn', 'discuss', 'stuff', 'help', 'understand', 'thing']"
313,313,0.0,1.0,"live, discuss, time, interact, class, engag, work, peopl, question, peer","['student', 'respons', 'curat', 'zoom', 'meet']"
314,314,0.0,1.0,"live, discuss, time, interact, class, engag, work, peopl, question, peer","['possibl', 'particip', 'exchang', 'idea', 'experi', 'person', 'intercours']"
315,315,0.0,1.0,"live, discuss, time, interact, class, engag, work, peopl, question, peer","['actual', 'discuss', 'zoom', 'call', 'prof', 'speak', 'discuss', 'stuff', 'messi', 'real', 'life', 'chat', 'craft', 'answer', 'answer', 'quot', 'specif', 'stuff', 'fear', 'talk', 'accident']"
316,316,0.0,1.0,"live, discuss, time, interact, class, engag, work, peopl, question, peer","['hear', 'stydent', 'opinion', 'nit', 'pressur', 'give', 'attent', 'entir', 'time']"
317,317,0.0,1.0,"live, discuss, time, interact, class, engag, work, peopl, question, peer","['easier', 'ask', 'question', 'talk', 'classmat', 'live', 'class']"
318,318,0.0,1.0,"live, discuss, time, interact, class, engag, work, peopl, question, peer","['interact', 'class', 'tutor']"
319,319,0.0,1.0,"live, discuss, time, interact, class, engag, work, peopl, question, peer","['engag', 'learn', 'requir', 'particip']"
320,320,0.0,1.0,"live, discuss, time, interact, class, engag, work, peopl, question, peer","['learn', 'read', 'write', 'time', 'express', 'written', 'word', 'understand', 'skill', 'speak', 'present', 'idea', 'real', 'time', 'inperson', 'class', 'import', 'regard']"
321,321,0.0,1.0,"live, discuss, time, interact, class, engag, work, peopl, question, peer","['commun', 'pressur', 'video', 'call']"
322,322,0.0,1.0,"live, discuss, time, interact, class, engag, work, peopl, question, peer","['engag', 'easier', 'ask', 'questionscheck', 'understand', 'onlin', 'call', 'intimid']"
323,323,0.0,1.0,"live, discuss, time, interact, class, engag, work, peopl, question, peer","['particip', 'discuss', 'forum', 'engag', 'automat', 'learn', 'materi', 'appli', 'immedi', 'live', 'class', 'stress', 'intern', 'student', 'time', 'differ', 'made', 'difficult', 'particip', 'live', 'lectur']"
324,324,0.0,1.0,"live, discuss, time, interact, class, engag, work, peopl, question, peer","['activ', 'particip', 'learn']"
325,325,0.0,1.0,"live, discuss, time, interact, class, engag, work, peopl, question, peer","['prefer', 'forumschat', 'feel', 'particip', 'zoom', 'meet', 'easier', 'fake', 'attent']"
326,326,0.0,1.0,"live, discuss, time, interact, class, engag, work, peopl, question, peer","['easi', 'assign']"
327,327,0.0,1.0,"live, discuss, time, interact, class, engag, work, peopl, question, peer","['prefer', 'mode', 'discuss', 'debat', 'topic', 'learn', 'school']"
328,328,0.0,1.0,"live, discuss, time, interact, class, engag, work, peopl, question, peer","['student', 'receiv', 'perspect', 'work', 'work', 'set', 'quicker', 'whilst', 'discuss', 'matter', 'student', 'help', 'rememb', 'sourc']"
329,329,0.0,1.0,"live, discuss, time, interact, class, engag, work, peopl, question, peer","['point', 'view', 'valuabl']"
330,330,0.0,1.0,"live, discuss, time, interact, class, engag, work, peopl, question, peer","['mean', 'class', 'discuss', 'eachoth', 'struggl']"
331,331,0.0,1.0,"live, discuss, time, interact, class, engag, work, peopl, question, peer","['involv', 'listen', 'teacher', 'lectur', 'focu', 'content', 'contribut']"
332,332,0.0,1.0,"live, discuss, time, interact, class, engag, work, peopl, question, peer",['date']
333,333,0.0,1.0,"live, discuss, time, interact, class, engag, work, peopl, question, peer","['lot', 'comfort', 'discuss', 'type', 'interrupt']"
334,334,0.0,1.0,"live, discuss, time, interact, class, engag, work, peopl, question, peer","['commun', 'add', 'engag', 'interest', 'class', 'anxieti', 'speak', 'loud']"
335,335,0.0,1.0,"live, discuss, time, interact, class, engag, work, peopl, question, peer","['room', 'ask', 'question', 'hear', 'member', 'class’', 'question', 'opinion']"
336,336,0.0,1.0,"live, discuss, time, interact, class, engag, work, peopl, question, peer","['interact', 'teacher', 'receiv', 'peer']"
337,337,0.0,1.0,"live, discuss, time, interact, class, engag, work, peopl, question, peer","['stress', 'easier', 'focu', 'option', 'ask', 'question']"
338,338,0.0,1.0,"live, discuss, time, interact, class, engag, work, peopl, question, peer",['commun']
339,339,0.0,1.0,"live, discuss, time, interact, class, engag, work, peopl, question, peer","['find', 'involv', 'live', 'video', 'record', 'stress', 'make', 'hard', 'concentr', 'prefer', 'chat', 'video', 'involv']"
340,340,0.0,1.0,"live, discuss, time, interact, class, engag, work, peopl, question, peer","['art', 'design', 'work', 'discuss', 'move', 'work']"
341,341,0.0,1.0,"live, discuss, time, interact, class, engag, work, peopl, question, peer","['comun', 'instructor', 'back', 'convers', 'fine', 'art', 'fulli', 'understand', 'achiev']"
342,342,0.0,1.0,"live, discuss, time, interact, class, engag, work, peopl, question, peer","['contribut', 'inform', 'oftentim', 'quieter', 'person', 'find', 'hard', 'speak', 'make', 'physic', 'cue', 'put', 'hand', 'contribut', 'feel', 'interrupt', 'peopl']"
343,343,0.0,1.0,"live, discuss, time, interact, class, engag, work, peopl, question, peer","['engag', 'compar', 'watch', 'video', 'larg', 'meet', 'teacher']"
344,344,0.0,1.0,"live, discuss, time, interact, class, engag, work, peopl, question, peer","['easi', 'understand', 'interact']"
345,345,0.0,1.0,"live, discuss, time, interact, class, engag, work, peopl, question, peer","['feel', 'interact', 'professor', 'question', 'answer', 'chat', 'talk', 'class']"
346,346,0.0,1.0,"live, discuss, time, interact, class, engag, work, peopl, question, peer","['interact', 'set', 'independ', 'task', 'isol', 'time']"
347,347,0.0,1.0,"live, discuss, time, interact, class, engag, work, peopl, question, peer","['discuss', 'involv', 'pace']"
348,348,0.0,1.0,"live, discuss, time, interact, class, engag, work, peopl, question, peer","['platform', 'chat', 'professor', 'ask', 'question', 'learn', 'question', 'feel']"
349,349,0.0,1.0,"live, discuss, time, interact, class, engag, work, peopl, question, peer","['engag', 'help', 'understand', 'content', 'feel', 'combin', 'visual', 'potenti', 'diagram', 'drawn', 'hand', 'gestur', 'made', 'peopl', 'talk', 'give', 'spontan', 'exampl', 'help', 'understand', 'distract', 'pay', 'attent', 'sat']"
350,350,0.0,1.0,"live, discuss, time, interact, class, engag, work, peopl, question, peer","['ask', 'question', 'back', 'answer', 'anytim']"
351,351,0.0,1.0,"live, discuss, time, interact, class, engag, work, peopl, question, peer","['activ', 'discuss', 'understand', 'content', 'listen']"
352,352,0.0,1.0,"live, discuss, time, interact, class, engag, work, peopl, question, peer","['easier', 'commun', 'fellow', 'peer', 'lectur', 'univers', 'lectur', 'zoom', 'hectic', 'hard', 'point', 'chat', 'receiv', 'respons']"
353,353,0.0,1.0,"live, discuss, time, interact, class, engag, work, peopl, question, peer","['easi', 'engag', 'feel', 'consciou']"
354,354,0.0,1.0,"live, discuss, time, interact, class, engag, work, peopl, question, peer","['feel', 'regular', 'school']"
355,355,0.0,1.0,"live, discuss, time, interact, class, engag, work, peopl, question, peer","['student', 'give', 'feedback', 'ask', 'question', 'order', 'clarifi', 'understand']"
356,356,0.0,1.0,"live, discuss, time, interact, class, engag, work, peopl, question, peer","['nice', 'easi', 'understand']"
357,357,0.0,1.0,"live, discuss, time, interact, class, engag, work, peopl, question, peer","['onlin', 'learn', 'gener', 'work', 'abil', 'ask', 'lectur', 'question', 'chat', 'peopl', 'note', 'who', 'english', 'languag', 'understand', 'speech', 'prove', 'difficult']"
358,358,0.0,1.0,"live, discuss, time, interact, class, engag, work, peopl, question, peer","['steal', 'peopl', 'idea', 'revision😉']"
359,359,0.0,1.0,"live, discuss, time, interact, class, engag, work, peopl, question, peer","['understand', 'work', 'discuss', 'rang', 'thought', 'opinion']"
360,360,0.0,1.0,"live, discuss, time, interact, class, engag, work, peopl, question, peer","['problem', 'mode', 'independ', 'learner', 'thankfulenjoy', 'classmat', 'friend', 'struggl', 'live', 'interact', 'school', 'district', 'implement', 'attend', 'suffer', 'turn', 'work', 'time']"
361,361,0.0,1.0,"live, discuss, time, interact, class, engag, work, peopl, question, peer","['live', 'class', 'messi', 'lot', 'peopl', 'internet', 'connect', 'unstabl', 'find', 'unrequir', 'joke', 'peer', 'stupid', 'offens', 'gener', 'distract']"
362,362,0.0,1.0,"live, discuss, time, interact, class, engag, work, peopl, question, peer",['engag']
