,Dominant_Topic,Topic_Keywords,Num_Documents,Perc_Documents
0.0,0.0,"work, time, pace, class, materi, learn, live, zoom, prefer, teacher",1187.0,1.0
1.0,0.0,"work, time, pace, class, materi, learn, live, zoom, prefer, teacher",,
2.0,0.0,"work, time, pace, class, materi, learn, live, zoom, prefer, teacher",,
3.0,0.0,"work, time, pace, class, materi, learn, live, zoom, prefer, teacher",,
4.0,0.0,"work, time, pace, class, materi, learn, live, zoom, prefer, teacher",,
5.0,0.0,"work, time, pace, class, materi, learn, live, zoom, prefer, teacher",,
6.0,0.0,"work, time, pace, class, materi, learn, live, zoom, prefer, teacher",,
7.0,0.0,"work, time, pace, class, materi, learn, live, zoom, prefer, teacher",,
8.0,0.0,"work, time, pace, class, materi, learn, live, zoom, prefer, teacher",,
9.0,0.0,"work, time, pace, class, materi, learn, live, zoom, prefer, teacher",,
10.0,0.0,"work, time, pace, class, materi, learn, live, zoom, prefer, teacher",,
11.0,0.0,"work, time, pace, class, materi, learn, live, zoom, prefer, teacher",,
12.0,0.0,"work, time, pace, class, materi, learn, live, zoom, prefer, teacher",,
13.0,0.0,"work, time, pace, class, materi, learn, live, zoom, prefer, teacher",,
14.0,0.0,"work, time, pace, class, materi, learn, live, zoom, prefer, teacher",,
15.0,0.0,"work, time, pace, class, materi, learn, live, zoom, prefer, teacher",,
16.0,0.0,"work, time, pace, class, materi, learn, live, zoom, prefer, teacher",,
17.0,0.0,"work, time, pace, class, materi, learn, live, zoom, prefer, teacher",,
18.0,0.0,"work, time, pace, class, materi, learn, live, zoom, prefer, teacher",,
19.0,0.0,"work, time, pace, class, materi, learn, live, zoom, prefer, teacher",,
20.0,0.0,"work, time, pace, class, materi, learn, live, zoom, prefer, teacher",,
21.0,0.0,"work, time, pace, class, materi, learn, live, zoom, prefer, teacher",,
22.0,0.0,"work, time, pace, class, materi, learn, live, zoom, prefer, teacher",,
23.0,0.0,"work, time, pace, class, materi, learn, live, zoom, prefer, teacher",,
24.0,0.0,"work, time, pace, class, materi, learn, live, zoom, prefer, teacher",,
25.0,0.0,"work, time, pace, class, materi, learn, live, zoom, prefer, teacher",,
26.0,0.0,"work, time, pace, class, materi, learn, live, zoom, prefer, teacher",,
27.0,0.0,"work, time, pace, class, materi, learn, live, zoom, prefer, teacher",,
28.0,0.0,"work, time, pace, class, materi, learn, live, zoom, prefer, teacher",,
29.0,0.0,"work, time, pace, class, materi, learn, live, zoom, prefer, teacher",,
30.0,0.0,"work, time, pace, class, materi, learn, live, zoom, prefer, teacher",,
31.0,0.0,"work, time, pace, class, materi, learn, live, zoom, prefer, teacher",,
32.0,0.0,"work, time, pace, class, materi, learn, live, zoom, prefer, teacher",,
33.0,0.0,"work, time, pace, class, materi, learn, live, zoom, prefer, teacher",,
34.0,0.0,"work, time, pace, class, materi, learn, live, zoom, prefer, teacher",,
35.0,0.0,"work, time, pace, class, materi, learn, live, zoom, prefer, teacher",,
36.0,0.0,"work, time, pace, class, materi, learn, live, zoom, prefer, teacher",,
37.0,0.0,"work, time, pace, class, materi, learn, live, zoom, prefer, teacher",,
38.0,0.0,"work, time, pace, class, materi, learn, live, zoom, prefer, teacher",,
39.0,0.0,"work, time, pace, class, materi, learn, live, zoom, prefer, teacher",,
40.0,0.0,"work, time, pace, class, materi, learn, live, zoom, prefer, teacher",,
41.0,0.0,"work, time, pace, class, materi, learn, live, zoom, prefer, teacher",,
42.0,0.0,"work, time, pace, class, materi, learn, live, zoom, prefer, teacher",,
43.0,0.0,"work, time, pace, class, materi, learn, live, zoom, prefer, teacher",,
44.0,0.0,"work, time, pace, class, materi, learn, live, zoom, prefer, teacher",,
45.0,0.0,"work, time, pace, class, materi, learn, live, zoom, prefer, teacher",,
46.0,0.0,"work, time, pace, class, materi, learn, live, zoom, prefer, teacher",,
47.0,0.0,"work, time, pace, class, materi, learn, live, zoom, prefer, teacher",,
48.0,0.0,"work, time, pace, class, materi, learn, live, zoom, prefer, teacher",,
49.0,0.0,"work, time, pace, class, materi, learn, live, zoom, prefer, teacher",,
50.0,0.0,"work, time, pace, class, materi, learn, live, zoom, prefer, teacher",,
51.0,0.0,"work, time, pace, class, materi, learn, live, zoom, prefer, teacher",,
52.0,0.0,"work, time, pace, class, materi, learn, live, zoom, prefer, teacher",,
53.0,0.0,"work, time, pace, class, materi, learn, live, zoom, prefer, teacher",,
54.0,0.0,"work, time, pace, class, materi, learn, live, zoom, prefer, teacher",,
55.0,0.0,"work, time, pace, class, materi, learn, live, zoom, prefer, teacher",,
56.0,0.0,"work, time, pace, class, materi, learn, live, zoom, prefer, teacher",,
57.0,0.0,"work, time, pace, class, materi, learn, live, zoom, prefer, teacher",,
58.0,0.0,"work, time, pace, class, materi, learn, live, zoom, prefer, teacher",,
59.0,0.0,"work, time, pace, class, materi, learn, live, zoom, prefer, teacher",,
60.0,0.0,"work, time, pace, class, materi, learn, live, zoom, prefer, teacher",,
61.0,0.0,"work, time, pace, class, materi, learn, live, zoom, prefer, teacher",,
62.0,0.0,"work, time, pace, class, materi, learn, live, zoom, prefer, teacher",,
63.0,0.0,"work, time, pace, class, materi, learn, live, zoom, prefer, teacher",,
64.0,0.0,"work, time, pace, class, materi, learn, live, zoom, prefer, teacher",,
65.0,0.0,"work, time, pace, class, materi, learn, live, zoom, prefer, teacher",,
66.0,0.0,"work, time, pace, class, materi, learn, live, zoom, prefer, teacher",,
67.0,0.0,"work, time, pace, class, materi, learn, live, zoom, prefer, teacher",,
68.0,0.0,"work, time, pace, class, materi, learn, live, zoom, prefer, teacher",,
69.0,0.0,"work, time, pace, class, materi, learn, live, zoom, prefer, teacher",,
70.0,0.0,"work, time, pace, class, materi, learn, live, zoom, prefer, teacher",,
71.0,0.0,"work, time, pace, class, materi, learn, live, zoom, prefer, teacher",,
72.0,0.0,"work, time, pace, class, materi, learn, live, zoom, prefer, teacher",,
73.0,0.0,"work, time, pace, class, materi, learn, live, zoom, prefer, teacher",,
74.0,0.0,"work, time, pace, class, materi, learn, live, zoom, prefer, teacher",,
75.0,0.0,"work, time, pace, class, materi, learn, live, zoom, prefer, teacher",,
76.0,0.0,"work, time, pace, class, materi, learn, live, zoom, prefer, teacher",,
77.0,0.0,"work, time, pace, class, materi, learn, live, zoom, prefer, teacher",,
78.0,0.0,"work, time, pace, class, materi, learn, live, zoom, prefer, teacher",,
79.0,0.0,"work, time, pace, class, materi, learn, live, zoom, prefer, teacher",,
80.0,0.0,"work, time, pace, class, materi, learn, live, zoom, prefer, teacher",,
81.0,0.0,"work, time, pace, class, materi, learn, live, zoom, prefer, teacher",,
82.0,0.0,"work, time, pace, class, materi, learn, live, zoom, prefer, teacher",,
83.0,0.0,"work, time, pace, class, materi, learn, live, zoom, prefer, teacher",,
84.0,0.0,"work, time, pace, class, materi, learn, live, zoom, prefer, teacher",,
85.0,0.0,"work, time, pace, class, materi, learn, live, zoom, prefer, teacher",,
86.0,0.0,"work, time, pace, class, materi, learn, live, zoom, prefer, teacher",,
87.0,0.0,"work, time, pace, class, materi, learn, live, zoom, prefer, teacher",,
88.0,0.0,"work, time, pace, class, materi, learn, live, zoom, prefer, teacher",,
89.0,0.0,"work, time, pace, class, materi, learn, live, zoom, prefer, teacher",,
90.0,0.0,"work, time, pace, class, materi, learn, live, zoom, prefer, teacher",,
91.0,0.0,"work, time, pace, class, materi, learn, live, zoom, prefer, teacher",,
92.0,0.0,"work, time, pace, class, materi, learn, live, zoom, prefer, teacher",,
93.0,0.0,"work, time, pace, class, materi, learn, live, zoom, prefer, teacher",,
94.0,0.0,"work, time, pace, class, materi, learn, live, zoom, prefer, teacher",,
95.0,0.0,"work, time, pace, class, materi, learn, live, zoom, prefer, teacher",,
96.0,0.0,"work, time, pace, class, materi, learn, live, zoom, prefer, teacher",,
97.0,0.0,"work, time, pace, class, materi, learn, live, zoom, prefer, teacher",,
98.0,0.0,"work, time, pace, class, materi, learn, live, zoom, prefer, teacher",,
99.0,0.0,"work, time, pace, class, materi, learn, live, zoom, prefer, teacher",,
100.0,0.0,"work, time, pace, class, materi, learn, live, zoom, prefer, teacher",,
101.0,0.0,"work, time, pace, class, materi, learn, live, zoom, prefer, teacher",,
102.0,0.0,"work, time, pace, class, materi, learn, live, zoom, prefer, teacher",,
103.0,0.0,"work, time, pace, class, materi, learn, live, zoom, prefer, teacher",,
104.0,0.0,"work, time, pace, class, materi, learn, live, zoom, prefer, teacher",,
105.0,0.0,"work, time, pace, class, materi, learn, live, zoom, prefer, teacher",,
106.0,0.0,"work, time, pace, class, materi, learn, live, zoom, prefer, teacher",,
107.0,0.0,"work, time, pace, class, materi, learn, live, zoom, prefer, teacher",,
108.0,0.0,"work, time, pace, class, materi, learn, live, zoom, prefer, teacher",,
109.0,0.0,"work, time, pace, class, materi, learn, live, zoom, prefer, teacher",,
110.0,0.0,"work, time, pace, class, materi, learn, live, zoom, prefer, teacher",,
111.0,0.0,"work, time, pace, class, materi, learn, live, zoom, prefer, teacher",,
112.0,0.0,"work, time, pace, class, materi, learn, live, zoom, prefer, teacher",,
113.0,0.0,"work, time, pace, class, materi, learn, live, zoom, prefer, teacher",,
114.0,0.0,"work, time, pace, class, materi, learn, live, zoom, prefer, teacher",,
115.0,0.0,"work, time, pace, class, materi, learn, live, zoom, prefer, teacher",,
116.0,0.0,"work, time, pace, class, materi, learn, live, zoom, prefer, teacher",,
117.0,0.0,"work, time, pace, class, materi, learn, live, zoom, prefer, teacher",,
118.0,0.0,"work, time, pace, class, materi, learn, live, zoom, prefer, teacher",,
119.0,0.0,"work, time, pace, class, materi, learn, live, zoom, prefer, teacher",,
120.0,0.0,"work, time, pace, class, materi, learn, live, zoom, prefer, teacher",,
121.0,0.0,"work, time, pace, class, materi, learn, live, zoom, prefer, teacher",,
122.0,0.0,"work, time, pace, class, materi, learn, live, zoom, prefer, teacher",,
123.0,0.0,"work, time, pace, class, materi, learn, live, zoom, prefer, teacher",,
124.0,0.0,"work, time, pace, class, materi, learn, live, zoom, prefer, teacher",,
125.0,0.0,"work, time, pace, class, materi, learn, live, zoom, prefer, teacher",,
126.0,0.0,"work, time, pace, class, materi, learn, live, zoom, prefer, teacher",,
127.0,0.0,"work, time, pace, class, materi, learn, live, zoom, prefer, teacher",,
128.0,0.0,"work, time, pace, class, materi, learn, live, zoom, prefer, teacher",,
129.0,0.0,"work, time, pace, class, materi, learn, live, zoom, prefer, teacher",,
130.0,0.0,"work, time, pace, class, materi, learn, live, zoom, prefer, teacher",,
131.0,0.0,"work, time, pace, class, materi, learn, live, zoom, prefer, teacher",,
132.0,0.0,"work, time, pace, class, materi, learn, live, zoom, prefer, teacher",,
133.0,0.0,"work, time, pace, class, materi, learn, live, zoom, prefer, teacher",,
134.0,0.0,"work, time, pace, class, materi, learn, live, zoom, prefer, teacher",,
135.0,0.0,"work, time, pace, class, materi, learn, live, zoom, prefer, teacher",,
136.0,0.0,"work, time, pace, class, materi, learn, live, zoom, prefer, teacher",,
137.0,0.0,"work, time, pace, class, materi, learn, live, zoom, prefer, teacher",,
138.0,0.0,"work, time, pace, class, materi, learn, live, zoom, prefer, teacher",,
139.0,0.0,"work, time, pace, class, materi, learn, live, zoom, prefer, teacher",,
140.0,0.0,"work, time, pace, class, materi, learn, live, zoom, prefer, teacher",,
141.0,0.0,"work, time, pace, class, materi, learn, live, zoom, prefer, teacher",,
142.0,0.0,"work, time, pace, class, materi, learn, live, zoom, prefer, teacher",,
143.0,0.0,"work, time, pace, class, materi, learn, live, zoom, prefer, teacher",,
144.0,0.0,"work, time, pace, class, materi, learn, live, zoom, prefer, teacher",,
145.0,0.0,"work, time, pace, class, materi, learn, live, zoom, prefer, teacher",,
146.0,0.0,"work, time, pace, class, materi, learn, live, zoom, prefer, teacher",,
147.0,0.0,"work, time, pace, class, materi, learn, live, zoom, prefer, teacher",,
148.0,0.0,"work, time, pace, class, materi, learn, live, zoom, prefer, teacher",,
149.0,0.0,"work, time, pace, class, materi, learn, live, zoom, prefer, teacher",,
150.0,0.0,"work, time, pace, class, materi, learn, live, zoom, prefer, teacher",,
151.0,0.0,"work, time, pace, class, materi, learn, live, zoom, prefer, teacher",,
152.0,0.0,"work, time, pace, class, materi, learn, live, zoom, prefer, teacher",,
153.0,0.0,"work, time, pace, class, materi, learn, live, zoom, prefer, teacher",,
154.0,0.0,"work, time, pace, class, materi, learn, live, zoom, prefer, teacher",,
155.0,0.0,"work, time, pace, class, materi, learn, live, zoom, prefer, teacher",,
156.0,0.0,"work, time, pace, class, materi, learn, live, zoom, prefer, teacher",,
157.0,0.0,"work, time, pace, class, materi, learn, live, zoom, prefer, teacher",,
158.0,0.0,"work, time, pace, class, materi, learn, live, zoom, prefer, teacher",,
159.0,0.0,"work, time, pace, class, materi, learn, live, zoom, prefer, teacher",,
160.0,0.0,"work, time, pace, class, materi, learn, live, zoom, prefer, teacher",,
161.0,0.0,"work, time, pace, class, materi, learn, live, zoom, prefer, teacher",,
162.0,0.0,"work, time, pace, class, materi, learn, live, zoom, prefer, teacher",,
163.0,0.0,"work, time, pace, class, materi, learn, live, zoom, prefer, teacher",,
164.0,0.0,"work, time, pace, class, materi, learn, live, zoom, prefer, teacher",,
165.0,0.0,"work, time, pace, class, materi, learn, live, zoom, prefer, teacher",,
166.0,0.0,"work, time, pace, class, materi, learn, live, zoom, prefer, teacher",,
167.0,0.0,"work, time, pace, class, materi, learn, live, zoom, prefer, teacher",,
168.0,0.0,"work, time, pace, class, materi, learn, live, zoom, prefer, teacher",,
169.0,0.0,"work, time, pace, class, materi, learn, live, zoom, prefer, teacher",,
170.0,0.0,"work, time, pace, class, materi, learn, live, zoom, prefer, teacher",,
171.0,0.0,"work, time, pace, class, materi, learn, live, zoom, prefer, teacher",,
172.0,0.0,"work, time, pace, class, materi, learn, live, zoom, prefer, teacher",,
173.0,0.0,"work, time, pace, class, materi, learn, live, zoom, prefer, teacher",,
174.0,0.0,"work, time, pace, class, materi, learn, live, zoom, prefer, teacher",,
175.0,0.0,"work, time, pace, class, materi, learn, live, zoom, prefer, teacher",,
176.0,0.0,"work, time, pace, class, materi, learn, live, zoom, prefer, teacher",,
177.0,0.0,"work, time, pace, class, materi, learn, live, zoom, prefer, teacher",,
178.0,0.0,"work, time, pace, class, materi, learn, live, zoom, prefer, teacher",,
179.0,0.0,"work, time, pace, class, materi, learn, live, zoom, prefer, teacher",,
180.0,0.0,"work, time, pace, class, materi, learn, live, zoom, prefer, teacher",,
181.0,0.0,"work, time, pace, class, materi, learn, live, zoom, prefer, teacher",,
182.0,0.0,"work, time, pace, class, materi, learn, live, zoom, prefer, teacher",,
183.0,0.0,"work, time, pace, class, materi, learn, live, zoom, prefer, teacher",,
184.0,0.0,"work, time, pace, class, materi, learn, live, zoom, prefer, teacher",,
185.0,0.0,"work, time, pace, class, materi, learn, live, zoom, prefer, teacher",,
186.0,0.0,"work, time, pace, class, materi, learn, live, zoom, prefer, teacher",,
187.0,0.0,"work, time, pace, class, materi, learn, live, zoom, prefer, teacher",,
188.0,0.0,"work, time, pace, class, materi, learn, live, zoom, prefer, teacher",,
189.0,0.0,"work, time, pace, class, materi, learn, live, zoom, prefer, teacher",,
190.0,0.0,"work, time, pace, class, materi, learn, live, zoom, prefer, teacher",,
191.0,0.0,"work, time, pace, class, materi, learn, live, zoom, prefer, teacher",,
192.0,0.0,"work, time, pace, class, materi, learn, live, zoom, prefer, teacher",,
193.0,0.0,"work, time, pace, class, materi, learn, live, zoom, prefer, teacher",,
194.0,0.0,"work, time, pace, class, materi, learn, live, zoom, prefer, teacher",,
195.0,0.0,"work, time, pace, class, materi, learn, live, zoom, prefer, teacher",,
196.0,0.0,"work, time, pace, class, materi, learn, live, zoom, prefer, teacher",,
197.0,0.0,"work, time, pace, class, materi, learn, live, zoom, prefer, teacher",,
198.0,0.0,"work, time, pace, class, materi, learn, live, zoom, prefer, teacher",,
199.0,0.0,"work, time, pace, class, materi, learn, live, zoom, prefer, teacher",,
200.0,0.0,"work, time, pace, class, materi, learn, live, zoom, prefer, teacher",,
201.0,0.0,"work, time, pace, class, materi, learn, live, zoom, prefer, teacher",,
202.0,0.0,"work, time, pace, class, materi, learn, live, zoom, prefer, teacher",,
203.0,0.0,"work, time, pace, class, materi, learn, live, zoom, prefer, teacher",,
204.0,0.0,"work, time, pace, class, materi, learn, live, zoom, prefer, teacher",,
205.0,0.0,"work, time, pace, class, materi, learn, live, zoom, prefer, teacher",,
206.0,0.0,"work, time, pace, class, materi, learn, live, zoom, prefer, teacher",,
207.0,0.0,"work, time, pace, class, materi, learn, live, zoom, prefer, teacher",,
208.0,0.0,"work, time, pace, class, materi, learn, live, zoom, prefer, teacher",,
209.0,0.0,"work, time, pace, class, materi, learn, live, zoom, prefer, teacher",,
210.0,0.0,"work, time, pace, class, materi, learn, live, zoom, prefer, teacher",,
211.0,0.0,"work, time, pace, class, materi, learn, live, zoom, prefer, teacher",,
212.0,0.0,"work, time, pace, class, materi, learn, live, zoom, prefer, teacher",,
213.0,0.0,"work, time, pace, class, materi, learn, live, zoom, prefer, teacher",,
214.0,0.0,"work, time, pace, class, materi, learn, live, zoom, prefer, teacher",,
215.0,0.0,"work, time, pace, class, materi, learn, live, zoom, prefer, teacher",,
216.0,0.0,"work, time, pace, class, materi, learn, live, zoom, prefer, teacher",,
217.0,0.0,"work, time, pace, class, materi, learn, live, zoom, prefer, teacher",,
218.0,0.0,"work, time, pace, class, materi, learn, live, zoom, prefer, teacher",,
219.0,0.0,"work, time, pace, class, materi, learn, live, zoom, prefer, teacher",,
220.0,0.0,"work, time, pace, class, materi, learn, live, zoom, prefer, teacher",,
221.0,0.0,"work, time, pace, class, materi, learn, live, zoom, prefer, teacher",,
222.0,0.0,"work, time, pace, class, materi, learn, live, zoom, prefer, teacher",,
223.0,0.0,"work, time, pace, class, materi, learn, live, zoom, prefer, teacher",,
224.0,0.0,"work, time, pace, class, materi, learn, live, zoom, prefer, teacher",,
225.0,0.0,"work, time, pace, class, materi, learn, live, zoom, prefer, teacher",,
226.0,0.0,"work, time, pace, class, materi, learn, live, zoom, prefer, teacher",,
227.0,0.0,"work, time, pace, class, materi, learn, live, zoom, prefer, teacher",,
228.0,0.0,"work, time, pace, class, materi, learn, live, zoom, prefer, teacher",,
229.0,0.0,"work, time, pace, class, materi, learn, live, zoom, prefer, teacher",,
230.0,0.0,"work, time, pace, class, materi, learn, live, zoom, prefer, teacher",,
231.0,0.0,"work, time, pace, class, materi, learn, live, zoom, prefer, teacher",,
232.0,0.0,"work, time, pace, class, materi, learn, live, zoom, prefer, teacher",,
233.0,0.0,"work, time, pace, class, materi, learn, live, zoom, prefer, teacher",,
234.0,0.0,"work, time, pace, class, materi, learn, live, zoom, prefer, teacher",,
235.0,0.0,"work, time, pace, class, materi, learn, live, zoom, prefer, teacher",,
236.0,0.0,"work, time, pace, class, materi, learn, live, zoom, prefer, teacher",,
237.0,0.0,"work, time, pace, class, materi, learn, live, zoom, prefer, teacher",,
238.0,0.0,"work, time, pace, class, materi, learn, live, zoom, prefer, teacher",,
239.0,0.0,"work, time, pace, class, materi, learn, live, zoom, prefer, teacher",,
240.0,0.0,"work, time, pace, class, materi, learn, live, zoom, prefer, teacher",,
241.0,0.0,"work, time, pace, class, materi, learn, live, zoom, prefer, teacher",,
242.0,0.0,"work, time, pace, class, materi, learn, live, zoom, prefer, teacher",,
243.0,0.0,"work, time, pace, class, materi, learn, live, zoom, prefer, teacher",,
244.0,0.0,"work, time, pace, class, materi, learn, live, zoom, prefer, teacher",,
245.0,0.0,"work, time, pace, class, materi, learn, live, zoom, prefer, teacher",,
246.0,0.0,"work, time, pace, class, materi, learn, live, zoom, prefer, teacher",,
247.0,0.0,"work, time, pace, class, materi, learn, live, zoom, prefer, teacher",,
248.0,0.0,"work, time, pace, class, materi, learn, live, zoom, prefer, teacher",,
249.0,0.0,"work, time, pace, class, materi, learn, live, zoom, prefer, teacher",,
250.0,0.0,"work, time, pace, class, materi, learn, live, zoom, prefer, teacher",,
251.0,0.0,"work, time, pace, class, materi, learn, live, zoom, prefer, teacher",,
252.0,0.0,"work, time, pace, class, materi, learn, live, zoom, prefer, teacher",,
253.0,0.0,"work, time, pace, class, materi, learn, live, zoom, prefer, teacher",,
254.0,0.0,"work, time, pace, class, materi, learn, live, zoom, prefer, teacher",,
255.0,0.0,"work, time, pace, class, materi, learn, live, zoom, prefer, teacher",,
256.0,0.0,"work, time, pace, class, materi, learn, live, zoom, prefer, teacher",,
257.0,0.0,"work, time, pace, class, materi, learn, live, zoom, prefer, teacher",,
258.0,0.0,"work, time, pace, class, materi, learn, live, zoom, prefer, teacher",,
259.0,0.0,"work, time, pace, class, materi, learn, live, zoom, prefer, teacher",,
260.0,0.0,"work, time, pace, class, materi, learn, live, zoom, prefer, teacher",,
261.0,0.0,"work, time, pace, class, materi, learn, live, zoom, prefer, teacher",,
262.0,0.0,"work, time, pace, class, materi, learn, live, zoom, prefer, teacher",,
263.0,0.0,"work, time, pace, class, materi, learn, live, zoom, prefer, teacher",,
264.0,0.0,"work, time, pace, class, materi, learn, live, zoom, prefer, teacher",,
265.0,0.0,"work, time, pace, class, materi, learn, live, zoom, prefer, teacher",,
266.0,0.0,"work, time, pace, class, materi, learn, live, zoom, prefer, teacher",,
267.0,0.0,"work, time, pace, class, materi, learn, live, zoom, prefer, teacher",,
268.0,0.0,"work, time, pace, class, materi, learn, live, zoom, prefer, teacher",,
269.0,0.0,"work, time, pace, class, materi, learn, live, zoom, prefer, teacher",,
270.0,0.0,"work, time, pace, class, materi, learn, live, zoom, prefer, teacher",,
271.0,0.0,"work, time, pace, class, materi, learn, live, zoom, prefer, teacher",,
272.0,0.0,"work, time, pace, class, materi, learn, live, zoom, prefer, teacher",,
273.0,0.0,"work, time, pace, class, materi, learn, live, zoom, prefer, teacher",,
274.0,0.0,"work, time, pace, class, materi, learn, live, zoom, prefer, teacher",,
275.0,0.0,"work, time, pace, class, materi, learn, live, zoom, prefer, teacher",,
276.0,0.0,"work, time, pace, class, materi, learn, live, zoom, prefer, teacher",,
277.0,0.0,"work, time, pace, class, materi, learn, live, zoom, prefer, teacher",,
278.0,0.0,"work, time, pace, class, materi, learn, live, zoom, prefer, teacher",,
279.0,0.0,"work, time, pace, class, materi, learn, live, zoom, prefer, teacher",,
280.0,0.0,"work, time, pace, class, materi, learn, live, zoom, prefer, teacher",,
281.0,0.0,"work, time, pace, class, materi, learn, live, zoom, prefer, teacher",,
282.0,0.0,"work, time, pace, class, materi, learn, live, zoom, prefer, teacher",,
283.0,0.0,"work, time, pace, class, materi, learn, live, zoom, prefer, teacher",,
284.0,0.0,"work, time, pace, class, materi, learn, live, zoom, prefer, teacher",,
285.0,0.0,"work, time, pace, class, materi, learn, live, zoom, prefer, teacher",,
286.0,0.0,"work, time, pace, class, materi, learn, live, zoom, prefer, teacher",,
287.0,0.0,"work, time, pace, class, materi, learn, live, zoom, prefer, teacher",,
288.0,0.0,"work, time, pace, class, materi, learn, live, zoom, prefer, teacher",,
289.0,0.0,"work, time, pace, class, materi, learn, live, zoom, prefer, teacher",,
290.0,0.0,"work, time, pace, class, materi, learn, live, zoom, prefer, teacher",,
291.0,0.0,"work, time, pace, class, materi, learn, live, zoom, prefer, teacher",,
292.0,0.0,"work, time, pace, class, materi, learn, live, zoom, prefer, teacher",,
293.0,0.0,"work, time, pace, class, materi, learn, live, zoom, prefer, teacher",,
294.0,0.0,"work, time, pace, class, materi, learn, live, zoom, prefer, teacher",,
295.0,0.0,"work, time, pace, class, materi, learn, live, zoom, prefer, teacher",,
296.0,0.0,"work, time, pace, class, materi, learn, live, zoom, prefer, teacher",,
297.0,0.0,"work, time, pace, class, materi, learn, live, zoom, prefer, teacher",,
298.0,0.0,"work, time, pace, class, materi, learn, live, zoom, prefer, teacher",,
299.0,0.0,"work, time, pace, class, materi, learn, live, zoom, prefer, teacher",,
300.0,0.0,"work, time, pace, class, materi, learn, live, zoom, prefer, teacher",,
301.0,0.0,"work, time, pace, class, materi, learn, live, zoom, prefer, teacher",,
302.0,0.0,"work, time, pace, class, materi, learn, live, zoom, prefer, teacher",,
303.0,0.0,"work, time, pace, class, materi, learn, live, zoom, prefer, teacher",,
304.0,0.0,"work, time, pace, class, materi, learn, live, zoom, prefer, teacher",,
305.0,0.0,"work, time, pace, class, materi, learn, live, zoom, prefer, teacher",,
306.0,0.0,"work, time, pace, class, materi, learn, live, zoom, prefer, teacher",,
307.0,0.0,"work, time, pace, class, materi, learn, live, zoom, prefer, teacher",,
308.0,0.0,"work, time, pace, class, materi, learn, live, zoom, prefer, teacher",,
309.0,0.0,"work, time, pace, class, materi, learn, live, zoom, prefer, teacher",,
310.0,0.0,"work, time, pace, class, materi, learn, live, zoom, prefer, teacher",,
311.0,0.0,"work, time, pace, class, materi, learn, live, zoom, prefer, teacher",,
312.0,0.0,"work, time, pace, class, materi, learn, live, zoom, prefer, teacher",,
313.0,0.0,"work, time, pace, class, materi, learn, live, zoom, prefer, teacher",,
314.0,0.0,"work, time, pace, class, materi, learn, live, zoom, prefer, teacher",,
315.0,0.0,"work, time, pace, class, materi, learn, live, zoom, prefer, teacher",,
316.0,0.0,"work, time, pace, class, materi, learn, live, zoom, prefer, teacher",,
317.0,0.0,"work, time, pace, class, materi, learn, live, zoom, prefer, teacher",,
318.0,0.0,"work, time, pace, class, materi, learn, live, zoom, prefer, teacher",,
319.0,0.0,"work, time, pace, class, materi, learn, live, zoom, prefer, teacher",,
320.0,0.0,"work, time, pace, class, materi, learn, live, zoom, prefer, teacher",,
321.0,0.0,"work, time, pace, class, materi, learn, live, zoom, prefer, teacher",,
322.0,0.0,"work, time, pace, class, materi, learn, live, zoom, prefer, teacher",,
323.0,0.0,"work, time, pace, class, materi, learn, live, zoom, prefer, teacher",,
324.0,0.0,"work, time, pace, class, materi, learn, live, zoom, prefer, teacher",,
325.0,0.0,"work, time, pace, class, materi, learn, live, zoom, prefer, teacher",,
326.0,0.0,"work, time, pace, class, materi, learn, live, zoom, prefer, teacher",,
327.0,0.0,"work, time, pace, class, materi, learn, live, zoom, prefer, teacher",,
328.0,0.0,"work, time, pace, class, materi, learn, live, zoom, prefer, teacher",,
329.0,0.0,"work, time, pace, class, materi, learn, live, zoom, prefer, teacher",,
330.0,0.0,"work, time, pace, class, materi, learn, live, zoom, prefer, teacher",,
331.0,0.0,"work, time, pace, class, materi, learn, live, zoom, prefer, teacher",,
332.0,0.0,"work, time, pace, class, materi, learn, live, zoom, prefer, teacher",,
333.0,0.0,"work, time, pace, class, materi, learn, live, zoom, prefer, teacher",,
334.0,0.0,"work, time, pace, class, materi, learn, live, zoom, prefer, teacher",,
335.0,0.0,"work, time, pace, class, materi, learn, live, zoom, prefer, teacher",,
336.0,0.0,"work, time, pace, class, materi, learn, live, zoom, prefer, teacher",,
337.0,0.0,"work, time, pace, class, materi, learn, live, zoom, prefer, teacher",,
338.0,0.0,"work, time, pace, class, materi, learn, live, zoom, prefer, teacher",,
339.0,0.0,"work, time, pace, class, materi, learn, live, zoom, prefer, teacher",,
340.0,0.0,"work, time, pace, class, materi, learn, live, zoom, prefer, teacher",,
341.0,0.0,"work, time, pace, class, materi, learn, live, zoom, prefer, teacher",,
342.0,0.0,"work, time, pace, class, materi, learn, live, zoom, prefer, teacher",,
343.0,0.0,"work, time, pace, class, materi, learn, live, zoom, prefer, teacher",,
344.0,0.0,"work, time, pace, class, materi, learn, live, zoom, prefer, teacher",,
345.0,0.0,"work, time, pace, class, materi, learn, live, zoom, prefer, teacher",,
346.0,0.0,"work, time, pace, class, materi, learn, live, zoom, prefer, teacher",,
347.0,0.0,"work, time, pace, class, materi, learn, live, zoom, prefer, teacher",,
348.0,0.0,"work, time, pace, class, materi, learn, live, zoom, prefer, teacher",,
349.0,0.0,"work, time, pace, class, materi, learn, live, zoom, prefer, teacher",,
350.0,0.0,"work, time, pace, class, materi, learn, live, zoom, prefer, teacher",,
351.0,0.0,"work, time, pace, class, materi, learn, live, zoom, prefer, teacher",,
352.0,0.0,"work, time, pace, class, materi, learn, live, zoom, prefer, teacher",,
353.0,0.0,"work, time, pace, class, materi, learn, live, zoom, prefer, teacher",,
354.0,0.0,"work, time, pace, class, materi, learn, live, zoom, prefer, teacher",,
355.0,0.0,"work, time, pace, class, materi, learn, live, zoom, prefer, teacher",,
356.0,0.0,"work, time, pace, class, materi, learn, live, zoom, prefer, teacher",,
357.0,0.0,"work, time, pace, class, materi, learn, live, zoom, prefer, teacher",,
358.0,0.0,"work, time, pace, class, materi, learn, live, zoom, prefer, teacher",,
359.0,0.0,"work, time, pace, class, materi, learn, live, zoom, prefer, teacher",,
360.0,0.0,"work, time, pace, class, materi, learn, live, zoom, prefer, teacher",,
361.0,0.0,"work, time, pace, class, materi, learn, live, zoom, prefer, teacher",,
362.0,0.0,"work, time, pace, class, materi, learn, live, zoom, prefer, teacher",,
363.0,0.0,"work, time, pace, class, materi, learn, live, zoom, prefer, teacher",,
364.0,0.0,"work, time, pace, class, materi, learn, live, zoom, prefer, teacher",,
365.0,0.0,"work, time, pace, class, materi, learn, live, zoom, prefer, teacher",,
366.0,0.0,"work, time, pace, class, materi, learn, live, zoom, prefer, teacher",,
367.0,0.0,"work, time, pace, class, materi, learn, live, zoom, prefer, teacher",,
368.0,0.0,"work, time, pace, class, materi, learn, live, zoom, prefer, teacher",,
369.0,0.0,"work, time, pace, class, materi, learn, live, zoom, prefer, teacher",,
370.0,0.0,"work, time, pace, class, materi, learn, live, zoom, prefer, teacher",,
371.0,0.0,"work, time, pace, class, materi, learn, live, zoom, prefer, teacher",,
372.0,0.0,"work, time, pace, class, materi, learn, live, zoom, prefer, teacher",,
373.0,0.0,"work, time, pace, class, materi, learn, live, zoom, prefer, teacher",,
374.0,0.0,"work, time, pace, class, materi, learn, live, zoom, prefer, teacher",,
375.0,0.0,"work, time, pace, class, materi, learn, live, zoom, prefer, teacher",,
376.0,0.0,"work, time, pace, class, materi, learn, live, zoom, prefer, teacher",,
377.0,0.0,"work, time, pace, class, materi, learn, live, zoom, prefer, teacher",,
378.0,0.0,"work, time, pace, class, materi, learn, live, zoom, prefer, teacher",,
379.0,0.0,"work, time, pace, class, materi, learn, live, zoom, prefer, teacher",,
380.0,0.0,"work, time, pace, class, materi, learn, live, zoom, prefer, teacher",,
381.0,0.0,"work, time, pace, class, materi, learn, live, zoom, prefer, teacher",,
382.0,0.0,"work, time, pace, class, materi, learn, live, zoom, prefer, teacher",,
383.0,0.0,"work, time, pace, class, materi, learn, live, zoom, prefer, teacher",,
384.0,0.0,"work, time, pace, class, materi, learn, live, zoom, prefer, teacher",,
385.0,0.0,"work, time, pace, class, materi, learn, live, zoom, prefer, teacher",,
386.0,0.0,"work, time, pace, class, materi, learn, live, zoom, prefer, teacher",,
387.0,0.0,"work, time, pace, class, materi, learn, live, zoom, prefer, teacher",,
388.0,0.0,"work, time, pace, class, materi, learn, live, zoom, prefer, teacher",,
389.0,0.0,"work, time, pace, class, materi, learn, live, zoom, prefer, teacher",,
390.0,0.0,"work, time, pace, class, materi, learn, live, zoom, prefer, teacher",,
391.0,0.0,"work, time, pace, class, materi, learn, live, zoom, prefer, teacher",,
392.0,0.0,"work, time, pace, class, materi, learn, live, zoom, prefer, teacher",,
393.0,0.0,"work, time, pace, class, materi, learn, live, zoom, prefer, teacher",,
394.0,0.0,"work, time, pace, class, materi, learn, live, zoom, prefer, teacher",,
395.0,0.0,"work, time, pace, class, materi, learn, live, zoom, prefer, teacher",,
396.0,0.0,"work, time, pace, class, materi, learn, live, zoom, prefer, teacher",,
397.0,0.0,"work, time, pace, class, materi, learn, live, zoom, prefer, teacher",,
398.0,0.0,"work, time, pace, class, materi, learn, live, zoom, prefer, teacher",,
399.0,0.0,"work, time, pace, class, materi, learn, live, zoom, prefer, teacher",,
400.0,0.0,"work, time, pace, class, materi, learn, live, zoom, prefer, teacher",,
401.0,0.0,"work, time, pace, class, materi, learn, live, zoom, prefer, teacher",,
402.0,0.0,"work, time, pace, class, materi, learn, live, zoom, prefer, teacher",,
403.0,0.0,"work, time, pace, class, materi, learn, live, zoom, prefer, teacher",,
404.0,0.0,"work, time, pace, class, materi, learn, live, zoom, prefer, teacher",,
405.0,0.0,"work, time, pace, class, materi, learn, live, zoom, prefer, teacher",,
406.0,0.0,"work, time, pace, class, materi, learn, live, zoom, prefer, teacher",,
407.0,0.0,"work, time, pace, class, materi, learn, live, zoom, prefer, teacher",,
408.0,0.0,"work, time, pace, class, materi, learn, live, zoom, prefer, teacher",,
409.0,0.0,"work, time, pace, class, materi, learn, live, zoom, prefer, teacher",,
410.0,0.0,"work, time, pace, class, materi, learn, live, zoom, prefer, teacher",,
411.0,0.0,"work, time, pace, class, materi, learn, live, zoom, prefer, teacher",,
412.0,0.0,"work, time, pace, class, materi, learn, live, zoom, prefer, teacher",,
413.0,0.0,"work, time, pace, class, materi, learn, live, zoom, prefer, teacher",,
414.0,0.0,"work, time, pace, class, materi, learn, live, zoom, prefer, teacher",,
415.0,0.0,"work, time, pace, class, materi, learn, live, zoom, prefer, teacher",,
416.0,0.0,"work, time, pace, class, materi, learn, live, zoom, prefer, teacher",,
417.0,0.0,"work, time, pace, class, materi, learn, live, zoom, prefer, teacher",,
418.0,0.0,"work, time, pace, class, materi, learn, live, zoom, prefer, teacher",,
419.0,0.0,"work, time, pace, class, materi, learn, live, zoom, prefer, teacher",,
420.0,0.0,"work, time, pace, class, materi, learn, live, zoom, prefer, teacher",,
421.0,0.0,"work, time, pace, class, materi, learn, live, zoom, prefer, teacher",,
422.0,0.0,"work, time, pace, class, materi, learn, live, zoom, prefer, teacher",,
423.0,0.0,"work, time, pace, class, materi, learn, live, zoom, prefer, teacher",,
424.0,0.0,"work, time, pace, class, materi, learn, live, zoom, prefer, teacher",,
425.0,0.0,"work, time, pace, class, materi, learn, live, zoom, prefer, teacher",,
426.0,0.0,"work, time, pace, class, materi, learn, live, zoom, prefer, teacher",,
427.0,0.0,"work, time, pace, class, materi, learn, live, zoom, prefer, teacher",,
428.0,0.0,"work, time, pace, class, materi, learn, live, zoom, prefer, teacher",,
429.0,0.0,"work, time, pace, class, materi, learn, live, zoom, prefer, teacher",,
430.0,0.0,"work, time, pace, class, materi, learn, live, zoom, prefer, teacher",,
431.0,0.0,"work, time, pace, class, materi, learn, live, zoom, prefer, teacher",,
432.0,0.0,"work, time, pace, class, materi, learn, live, zoom, prefer, teacher",,
433.0,0.0,"work, time, pace, class, materi, learn, live, zoom, prefer, teacher",,
434.0,0.0,"work, time, pace, class, materi, learn, live, zoom, prefer, teacher",,
435.0,0.0,"work, time, pace, class, materi, learn, live, zoom, prefer, teacher",,
436.0,0.0,"work, time, pace, class, materi, learn, live, zoom, prefer, teacher",,
437.0,0.0,"work, time, pace, class, materi, learn, live, zoom, prefer, teacher",,
438.0,0.0,"work, time, pace, class, materi, learn, live, zoom, prefer, teacher",,
439.0,0.0,"work, time, pace, class, materi, learn, live, zoom, prefer, teacher",,
440.0,0.0,"work, time, pace, class, materi, learn, live, zoom, prefer, teacher",,
441.0,0.0,"work, time, pace, class, materi, learn, live, zoom, prefer, teacher",,
442.0,0.0,"work, time, pace, class, materi, learn, live, zoom, prefer, teacher",,
443.0,0.0,"work, time, pace, class, materi, learn, live, zoom, prefer, teacher",,
444.0,0.0,"work, time, pace, class, materi, learn, live, zoom, prefer, teacher",,
445.0,0.0,"work, time, pace, class, materi, learn, live, zoom, prefer, teacher",,
446.0,0.0,"work, time, pace, class, materi, learn, live, zoom, prefer, teacher",,
447.0,0.0,"work, time, pace, class, materi, learn, live, zoom, prefer, teacher",,
448.0,0.0,"work, time, pace, class, materi, learn, live, zoom, prefer, teacher",,
449.0,0.0,"work, time, pace, class, materi, learn, live, zoom, prefer, teacher",,
450.0,0.0,"work, time, pace, class, materi, learn, live, zoom, prefer, teacher",,
451.0,0.0,"work, time, pace, class, materi, learn, live, zoom, prefer, teacher",,
452.0,0.0,"work, time, pace, class, materi, learn, live, zoom, prefer, teacher",,
453.0,0.0,"work, time, pace, class, materi, learn, live, zoom, prefer, teacher",,
454.0,0.0,"work, time, pace, class, materi, learn, live, zoom, prefer, teacher",,
455.0,0.0,"work, time, pace, class, materi, learn, live, zoom, prefer, teacher",,
456.0,0.0,"work, time, pace, class, materi, learn, live, zoom, prefer, teacher",,
457.0,0.0,"work, time, pace, class, materi, learn, live, zoom, prefer, teacher",,
458.0,0.0,"work, time, pace, class, materi, learn, live, zoom, prefer, teacher",,
459.0,0.0,"work, time, pace, class, materi, learn, live, zoom, prefer, teacher",,
460.0,0.0,"work, time, pace, class, materi, learn, live, zoom, prefer, teacher",,
461.0,0.0,"work, time, pace, class, materi, learn, live, zoom, prefer, teacher",,
462.0,0.0,"work, time, pace, class, materi, learn, live, zoom, prefer, teacher",,
463.0,0.0,"work, time, pace, class, materi, learn, live, zoom, prefer, teacher",,
464.0,0.0,"work, time, pace, class, materi, learn, live, zoom, prefer, teacher",,
465.0,0.0,"work, time, pace, class, materi, learn, live, zoom, prefer, teacher",,
466.0,0.0,"work, time, pace, class, materi, learn, live, zoom, prefer, teacher",,
467.0,0.0,"work, time, pace, class, materi, learn, live, zoom, prefer, teacher",,
468.0,0.0,"work, time, pace, class, materi, learn, live, zoom, prefer, teacher",,
469.0,0.0,"work, time, pace, class, materi, learn, live, zoom, prefer, teacher",,
470.0,0.0,"work, time, pace, class, materi, learn, live, zoom, prefer, teacher",,
471.0,0.0,"work, time, pace, class, materi, learn, live, zoom, prefer, teacher",,
472.0,0.0,"work, time, pace, class, materi, learn, live, zoom, prefer, teacher",,
473.0,0.0,"work, time, pace, class, materi, learn, live, zoom, prefer, teacher",,
474.0,0.0,"work, time, pace, class, materi, learn, live, zoom, prefer, teacher",,
475.0,0.0,"work, time, pace, class, materi, learn, live, zoom, prefer, teacher",,
476.0,0.0,"work, time, pace, class, materi, learn, live, zoom, prefer, teacher",,
477.0,0.0,"work, time, pace, class, materi, learn, live, zoom, prefer, teacher",,
478.0,0.0,"work, time, pace, class, materi, learn, live, zoom, prefer, teacher",,
479.0,0.0,"work, time, pace, class, materi, learn, live, zoom, prefer, teacher",,
480.0,0.0,"work, time, pace, class, materi, learn, live, zoom, prefer, teacher",,
481.0,0.0,"work, time, pace, class, materi, learn, live, zoom, prefer, teacher",,
482.0,0.0,"work, time, pace, class, materi, learn, live, zoom, prefer, teacher",,
483.0,0.0,"work, time, pace, class, materi, learn, live, zoom, prefer, teacher",,
484.0,0.0,"work, time, pace, class, materi, learn, live, zoom, prefer, teacher",,
485.0,0.0,"work, time, pace, class, materi, learn, live, zoom, prefer, teacher",,
486.0,0.0,"work, time, pace, class, materi, learn, live, zoom, prefer, teacher",,
487.0,0.0,"work, time, pace, class, materi, learn, live, zoom, prefer, teacher",,
488.0,0.0,"work, time, pace, class, materi, learn, live, zoom, prefer, teacher",,
489.0,0.0,"work, time, pace, class, materi, learn, live, zoom, prefer, teacher",,
490.0,0.0,"work, time, pace, class, materi, learn, live, zoom, prefer, teacher",,
491.0,0.0,"work, time, pace, class, materi, learn, live, zoom, prefer, teacher",,
492.0,0.0,"work, time, pace, class, materi, learn, live, zoom, prefer, teacher",,
493.0,0.0,"work, time, pace, class, materi, learn, live, zoom, prefer, teacher",,
494.0,0.0,"work, time, pace, class, materi, learn, live, zoom, prefer, teacher",,
495.0,0.0,"work, time, pace, class, materi, learn, live, zoom, prefer, teacher",,
496.0,0.0,"work, time, pace, class, materi, learn, live, zoom, prefer, teacher",,
497.0,0.0,"work, time, pace, class, materi, learn, live, zoom, prefer, teacher",,
498.0,0.0,"work, time, pace, class, materi, learn, live, zoom, prefer, teacher",,
499.0,0.0,"work, time, pace, class, materi, learn, live, zoom, prefer, teacher",,
500.0,0.0,"work, time, pace, class, materi, learn, live, zoom, prefer, teacher",,
501.0,0.0,"work, time, pace, class, materi, learn, live, zoom, prefer, teacher",,
502.0,0.0,"work, time, pace, class, materi, learn, live, zoom, prefer, teacher",,
503.0,0.0,"work, time, pace, class, materi, learn, live, zoom, prefer, teacher",,
504.0,0.0,"work, time, pace, class, materi, learn, live, zoom, prefer, teacher",,
505.0,0.0,"work, time, pace, class, materi, learn, live, zoom, prefer, teacher",,
506.0,0.0,"work, time, pace, class, materi, learn, live, zoom, prefer, teacher",,
507.0,0.0,"work, time, pace, class, materi, learn, live, zoom, prefer, teacher",,
508.0,0.0,"work, time, pace, class, materi, learn, live, zoom, prefer, teacher",,
509.0,0.0,"work, time, pace, class, materi, learn, live, zoom, prefer, teacher",,
510.0,0.0,"work, time, pace, class, materi, learn, live, zoom, prefer, teacher",,
511.0,0.0,"work, time, pace, class, materi, learn, live, zoom, prefer, teacher",,
512.0,0.0,"work, time, pace, class, materi, learn, live, zoom, prefer, teacher",,
513.0,0.0,"work, time, pace, class, materi, learn, live, zoom, prefer, teacher",,
514.0,0.0,"work, time, pace, class, materi, learn, live, zoom, prefer, teacher",,
515.0,0.0,"work, time, pace, class, materi, learn, live, zoom, prefer, teacher",,
516.0,0.0,"work, time, pace, class, materi, learn, live, zoom, prefer, teacher",,
517.0,0.0,"work, time, pace, class, materi, learn, live, zoom, prefer, teacher",,
518.0,0.0,"work, time, pace, class, materi, learn, live, zoom, prefer, teacher",,
519.0,0.0,"work, time, pace, class, materi, learn, live, zoom, prefer, teacher",,
520.0,0.0,"work, time, pace, class, materi, learn, live, zoom, prefer, teacher",,
521.0,0.0,"work, time, pace, class, materi, learn, live, zoom, prefer, teacher",,
522.0,0.0,"work, time, pace, class, materi, learn, live, zoom, prefer, teacher",,
523.0,0.0,"work, time, pace, class, materi, learn, live, zoom, prefer, teacher",,
524.0,0.0,"work, time, pace, class, materi, learn, live, zoom, prefer, teacher",,
525.0,0.0,"work, time, pace, class, materi, learn, live, zoom, prefer, teacher",,
526.0,0.0,"work, time, pace, class, materi, learn, live, zoom, prefer, teacher",,
527.0,0.0,"work, time, pace, class, materi, learn, live, zoom, prefer, teacher",,
528.0,0.0,"work, time, pace, class, materi, learn, live, zoom, prefer, teacher",,
529.0,0.0,"work, time, pace, class, materi, learn, live, zoom, prefer, teacher",,
530.0,0.0,"work, time, pace, class, materi, learn, live, zoom, prefer, teacher",,
531.0,0.0,"work, time, pace, class, materi, learn, live, zoom, prefer, teacher",,
532.0,0.0,"work, time, pace, class, materi, learn, live, zoom, prefer, teacher",,
533.0,0.0,"work, time, pace, class, materi, learn, live, zoom, prefer, teacher",,
534.0,0.0,"work, time, pace, class, materi, learn, live, zoom, prefer, teacher",,
535.0,0.0,"work, time, pace, class, materi, learn, live, zoom, prefer, teacher",,
536.0,0.0,"work, time, pace, class, materi, learn, live, zoom, prefer, teacher",,
537.0,0.0,"work, time, pace, class, materi, learn, live, zoom, prefer, teacher",,
538.0,0.0,"work, time, pace, class, materi, learn, live, zoom, prefer, teacher",,
539.0,0.0,"work, time, pace, class, materi, learn, live, zoom, prefer, teacher",,
540.0,0.0,"work, time, pace, class, materi, learn, live, zoom, prefer, teacher",,
541.0,0.0,"work, time, pace, class, materi, learn, live, zoom, prefer, teacher",,
542.0,0.0,"work, time, pace, class, materi, learn, live, zoom, prefer, teacher",,
543.0,0.0,"work, time, pace, class, materi, learn, live, zoom, prefer, teacher",,
544.0,0.0,"work, time, pace, class, materi, learn, live, zoom, prefer, teacher",,
545.0,0.0,"work, time, pace, class, materi, learn, live, zoom, prefer, teacher",,
546.0,0.0,"work, time, pace, class, materi, learn, live, zoom, prefer, teacher",,
547.0,0.0,"work, time, pace, class, materi, learn, live, zoom, prefer, teacher",,
548.0,0.0,"work, time, pace, class, materi, learn, live, zoom, prefer, teacher",,
549.0,0.0,"work, time, pace, class, materi, learn, live, zoom, prefer, teacher",,
550.0,0.0,"work, time, pace, class, materi, learn, live, zoom, prefer, teacher",,
551.0,0.0,"work, time, pace, class, materi, learn, live, zoom, prefer, teacher",,
552.0,0.0,"work, time, pace, class, materi, learn, live, zoom, prefer, teacher",,
553.0,0.0,"work, time, pace, class, materi, learn, live, zoom, prefer, teacher",,
554.0,0.0,"work, time, pace, class, materi, learn, live, zoom, prefer, teacher",,
555.0,0.0,"work, time, pace, class, materi, learn, live, zoom, prefer, teacher",,
556.0,0.0,"work, time, pace, class, materi, learn, live, zoom, prefer, teacher",,
557.0,0.0,"work, time, pace, class, materi, learn, live, zoom, prefer, teacher",,
558.0,0.0,"work, time, pace, class, materi, learn, live, zoom, prefer, teacher",,
559.0,0.0,"work, time, pace, class, materi, learn, live, zoom, prefer, teacher",,
560.0,0.0,"work, time, pace, class, materi, learn, live, zoom, prefer, teacher",,
561.0,0.0,"work, time, pace, class, materi, learn, live, zoom, prefer, teacher",,
562.0,0.0,"work, time, pace, class, materi, learn, live, zoom, prefer, teacher",,
563.0,0.0,"work, time, pace, class, materi, learn, live, zoom, prefer, teacher",,
564.0,0.0,"work, time, pace, class, materi, learn, live, zoom, prefer, teacher",,
565.0,0.0,"work, time, pace, class, materi, learn, live, zoom, prefer, teacher",,
566.0,0.0,"work, time, pace, class, materi, learn, live, zoom, prefer, teacher",,
567.0,0.0,"work, time, pace, class, materi, learn, live, zoom, prefer, teacher",,
568.0,0.0,"work, time, pace, class, materi, learn, live, zoom, prefer, teacher",,
569.0,0.0,"work, time, pace, class, materi, learn, live, zoom, prefer, teacher",,
570.0,0.0,"work, time, pace, class, materi, learn, live, zoom, prefer, teacher",,
571.0,0.0,"work, time, pace, class, materi, learn, live, zoom, prefer, teacher",,
572.0,0.0,"work, time, pace, class, materi, learn, live, zoom, prefer, teacher",,
573.0,0.0,"work, time, pace, class, materi, learn, live, zoom, prefer, teacher",,
574.0,0.0,"work, time, pace, class, materi, learn, live, zoom, prefer, teacher",,
575.0,0.0,"work, time, pace, class, materi, learn, live, zoom, prefer, teacher",,
576.0,0.0,"work, time, pace, class, materi, learn, live, zoom, prefer, teacher",,
577.0,0.0,"work, time, pace, class, materi, learn, live, zoom, prefer, teacher",,
578.0,0.0,"work, time, pace, class, materi, learn, live, zoom, prefer, teacher",,
579.0,0.0,"work, time, pace, class, materi, learn, live, zoom, prefer, teacher",,
580.0,0.0,"work, time, pace, class, materi, learn, live, zoom, prefer, teacher",,
581.0,0.0,"work, time, pace, class, materi, learn, live, zoom, prefer, teacher",,
582.0,0.0,"work, time, pace, class, materi, learn, live, zoom, prefer, teacher",,
583.0,0.0,"work, time, pace, class, materi, learn, live, zoom, prefer, teacher",,
584.0,0.0,"work, time, pace, class, materi, learn, live, zoom, prefer, teacher",,
585.0,0.0,"work, time, pace, class, materi, learn, live, zoom, prefer, teacher",,
586.0,0.0,"work, time, pace, class, materi, learn, live, zoom, prefer, teacher",,
587.0,0.0,"work, time, pace, class, materi, learn, live, zoom, prefer, teacher",,
588.0,0.0,"work, time, pace, class, materi, learn, live, zoom, prefer, teacher",,
589.0,0.0,"work, time, pace, class, materi, learn, live, zoom, prefer, teacher",,
590.0,0.0,"work, time, pace, class, materi, learn, live, zoom, prefer, teacher",,
591.0,0.0,"work, time, pace, class, materi, learn, live, zoom, prefer, teacher",,
592.0,0.0,"work, time, pace, class, materi, learn, live, zoom, prefer, teacher",,
593.0,0.0,"work, time, pace, class, materi, learn, live, zoom, prefer, teacher",,
594.0,0.0,"work, time, pace, class, materi, learn, live, zoom, prefer, teacher",,
595.0,0.0,"work, time, pace, class, materi, learn, live, zoom, prefer, teacher",,
596.0,0.0,"work, time, pace, class, materi, learn, live, zoom, prefer, teacher",,
597.0,0.0,"work, time, pace, class, materi, learn, live, zoom, prefer, teacher",,
598.0,0.0,"work, time, pace, class, materi, learn, live, zoom, prefer, teacher",,
599.0,0.0,"work, time, pace, class, materi, learn, live, zoom, prefer, teacher",,
600.0,0.0,"work, time, pace, class, materi, learn, live, zoom, prefer, teacher",,
601.0,0.0,"work, time, pace, class, materi, learn, live, zoom, prefer, teacher",,
602.0,0.0,"work, time, pace, class, materi, learn, live, zoom, prefer, teacher",,
603.0,0.0,"work, time, pace, class, materi, learn, live, zoom, prefer, teacher",,
604.0,0.0,"work, time, pace, class, materi, learn, live, zoom, prefer, teacher",,
605.0,0.0,"work, time, pace, class, materi, learn, live, zoom, prefer, teacher",,
606.0,0.0,"work, time, pace, class, materi, learn, live, zoom, prefer, teacher",,
607.0,0.0,"work, time, pace, class, materi, learn, live, zoom, prefer, teacher",,
608.0,0.0,"work, time, pace, class, materi, learn, live, zoom, prefer, teacher",,
609.0,0.0,"work, time, pace, class, materi, learn, live, zoom, prefer, teacher",,
610.0,0.0,"work, time, pace, class, materi, learn, live, zoom, prefer, teacher",,
611.0,0.0,"work, time, pace, class, materi, learn, live, zoom, prefer, teacher",,
612.0,0.0,"work, time, pace, class, materi, learn, live, zoom, prefer, teacher",,
613.0,0.0,"work, time, pace, class, materi, learn, live, zoom, prefer, teacher",,
614.0,0.0,"work, time, pace, class, materi, learn, live, zoom, prefer, teacher",,
615.0,0.0,"work, time, pace, class, materi, learn, live, zoom, prefer, teacher",,
616.0,0.0,"work, time, pace, class, materi, learn, live, zoom, prefer, teacher",,
617.0,0.0,"work, time, pace, class, materi, learn, live, zoom, prefer, teacher",,
618.0,0.0,"work, time, pace, class, materi, learn, live, zoom, prefer, teacher",,
619.0,0.0,"work, time, pace, class, materi, learn, live, zoom, prefer, teacher",,
620.0,0.0,"work, time, pace, class, materi, learn, live, zoom, prefer, teacher",,
621.0,0.0,"work, time, pace, class, materi, learn, live, zoom, prefer, teacher",,
622.0,0.0,"work, time, pace, class, materi, learn, live, zoom, prefer, teacher",,
623.0,0.0,"work, time, pace, class, materi, learn, live, zoom, prefer, teacher",,
624.0,0.0,"work, time, pace, class, materi, learn, live, zoom, prefer, teacher",,
625.0,0.0,"work, time, pace, class, materi, learn, live, zoom, prefer, teacher",,
626.0,0.0,"work, time, pace, class, materi, learn, live, zoom, prefer, teacher",,
627.0,0.0,"work, time, pace, class, materi, learn, live, zoom, prefer, teacher",,
628.0,0.0,"work, time, pace, class, materi, learn, live, zoom, prefer, teacher",,
629.0,0.0,"work, time, pace, class, materi, learn, live, zoom, prefer, teacher",,
630.0,0.0,"work, time, pace, class, materi, learn, live, zoom, prefer, teacher",,
631.0,0.0,"work, time, pace, class, materi, learn, live, zoom, prefer, teacher",,
632.0,0.0,"work, time, pace, class, materi, learn, live, zoom, prefer, teacher",,
633.0,0.0,"work, time, pace, class, materi, learn, live, zoom, prefer, teacher",,
634.0,0.0,"work, time, pace, class, materi, learn, live, zoom, prefer, teacher",,
635.0,0.0,"work, time, pace, class, materi, learn, live, zoom, prefer, teacher",,
636.0,0.0,"work, time, pace, class, materi, learn, live, zoom, prefer, teacher",,
637.0,0.0,"work, time, pace, class, materi, learn, live, zoom, prefer, teacher",,
638.0,0.0,"work, time, pace, class, materi, learn, live, zoom, prefer, teacher",,
639.0,0.0,"work, time, pace, class, materi, learn, live, zoom, prefer, teacher",,
640.0,0.0,"work, time, pace, class, materi, learn, live, zoom, prefer, teacher",,
641.0,0.0,"work, time, pace, class, materi, learn, live, zoom, prefer, teacher",,
642.0,0.0,"work, time, pace, class, materi, learn, live, zoom, prefer, teacher",,
643.0,0.0,"work, time, pace, class, materi, learn, live, zoom, prefer, teacher",,
644.0,0.0,"work, time, pace, class, materi, learn, live, zoom, prefer, teacher",,
645.0,0.0,"work, time, pace, class, materi, learn, live, zoom, prefer, teacher",,
646.0,0.0,"work, time, pace, class, materi, learn, live, zoom, prefer, teacher",,
647.0,0.0,"work, time, pace, class, materi, learn, live, zoom, prefer, teacher",,
648.0,0.0,"work, time, pace, class, materi, learn, live, zoom, prefer, teacher",,
649.0,0.0,"work, time, pace, class, materi, learn, live, zoom, prefer, teacher",,
650.0,0.0,"work, time, pace, class, materi, learn, live, zoom, prefer, teacher",,
651.0,0.0,"work, time, pace, class, materi, learn, live, zoom, prefer, teacher",,
652.0,0.0,"work, time, pace, class, materi, learn, live, zoom, prefer, teacher",,
653.0,0.0,"work, time, pace, class, materi, learn, live, zoom, prefer, teacher",,
654.0,0.0,"work, time, pace, class, materi, learn, live, zoom, prefer, teacher",,
655.0,0.0,"work, time, pace, class, materi, learn, live, zoom, prefer, teacher",,
656.0,0.0,"work, time, pace, class, materi, learn, live, zoom, prefer, teacher",,
657.0,0.0,"work, time, pace, class, materi, learn, live, zoom, prefer, teacher",,
658.0,0.0,"work, time, pace, class, materi, learn, live, zoom, prefer, teacher",,
659.0,0.0,"work, time, pace, class, materi, learn, live, zoom, prefer, teacher",,
660.0,0.0,"work, time, pace, class, materi, learn, live, zoom, prefer, teacher",,
661.0,0.0,"work, time, pace, class, materi, learn, live, zoom, prefer, teacher",,
662.0,0.0,"work, time, pace, class, materi, learn, live, zoom, prefer, teacher",,
663.0,0.0,"work, time, pace, class, materi, learn, live, zoom, prefer, teacher",,
664.0,0.0,"work, time, pace, class, materi, learn, live, zoom, prefer, teacher",,
665.0,0.0,"work, time, pace, class, materi, learn, live, zoom, prefer, teacher",,
666.0,0.0,"work, time, pace, class, materi, learn, live, zoom, prefer, teacher",,
667.0,0.0,"work, time, pace, class, materi, learn, live, zoom, prefer, teacher",,
668.0,0.0,"work, time, pace, class, materi, learn, live, zoom, prefer, teacher",,
669.0,0.0,"work, time, pace, class, materi, learn, live, zoom, prefer, teacher",,
670.0,0.0,"work, time, pace, class, materi, learn, live, zoom, prefer, teacher",,
671.0,0.0,"work, time, pace, class, materi, learn, live, zoom, prefer, teacher",,
672.0,0.0,"work, time, pace, class, materi, learn, live, zoom, prefer, teacher",,
673.0,0.0,"work, time, pace, class, materi, learn, live, zoom, prefer, teacher",,
674.0,0.0,"work, time, pace, class, materi, learn, live, zoom, prefer, teacher",,
675.0,0.0,"work, time, pace, class, materi, learn, live, zoom, prefer, teacher",,
676.0,0.0,"work, time, pace, class, materi, learn, live, zoom, prefer, teacher",,
677.0,0.0,"work, time, pace, class, materi, learn, live, zoom, prefer, teacher",,
678.0,0.0,"work, time, pace, class, materi, learn, live, zoom, prefer, teacher",,
679.0,0.0,"work, time, pace, class, materi, learn, live, zoom, prefer, teacher",,
680.0,0.0,"work, time, pace, class, materi, learn, live, zoom, prefer, teacher",,
681.0,0.0,"work, time, pace, class, materi, learn, live, zoom, prefer, teacher",,
682.0,0.0,"work, time, pace, class, materi, learn, live, zoom, prefer, teacher",,
683.0,0.0,"work, time, pace, class, materi, learn, live, zoom, prefer, teacher",,
684.0,0.0,"work, time, pace, class, materi, learn, live, zoom, prefer, teacher",,
685.0,0.0,"work, time, pace, class, materi, learn, live, zoom, prefer, teacher",,
686.0,0.0,"work, time, pace, class, materi, learn, live, zoom, prefer, teacher",,
687.0,0.0,"work, time, pace, class, materi, learn, live, zoom, prefer, teacher",,
688.0,0.0,"work, time, pace, class, materi, learn, live, zoom, prefer, teacher",,
689.0,0.0,"work, time, pace, class, materi, learn, live, zoom, prefer, teacher",,
690.0,0.0,"work, time, pace, class, materi, learn, live, zoom, prefer, teacher",,
691.0,0.0,"work, time, pace, class, materi, learn, live, zoom, prefer, teacher",,
692.0,0.0,"work, time, pace, class, materi, learn, live, zoom, prefer, teacher",,
693.0,0.0,"work, time, pace, class, materi, learn, live, zoom, prefer, teacher",,
694.0,0.0,"work, time, pace, class, materi, learn, live, zoom, prefer, teacher",,
695.0,0.0,"work, time, pace, class, materi, learn, live, zoom, prefer, teacher",,
696.0,0.0,"work, time, pace, class, materi, learn, live, zoom, prefer, teacher",,
697.0,0.0,"work, time, pace, class, materi, learn, live, zoom, prefer, teacher",,
698.0,0.0,"work, time, pace, class, materi, learn, live, zoom, prefer, teacher",,
699.0,0.0,"work, time, pace, class, materi, learn, live, zoom, prefer, teacher",,
700.0,0.0,"work, time, pace, class, materi, learn, live, zoom, prefer, teacher",,
701.0,0.0,"work, time, pace, class, materi, learn, live, zoom, prefer, teacher",,
702.0,0.0,"work, time, pace, class, materi, learn, live, zoom, prefer, teacher",,
703.0,0.0,"work, time, pace, class, materi, learn, live, zoom, prefer, teacher",,
704.0,0.0,"work, time, pace, class, materi, learn, live, zoom, prefer, teacher",,
705.0,0.0,"work, time, pace, class, materi, learn, live, zoom, prefer, teacher",,
706.0,0.0,"work, time, pace, class, materi, learn, live, zoom, prefer, teacher",,
707.0,0.0,"work, time, pace, class, materi, learn, live, zoom, prefer, teacher",,
708.0,0.0,"work, time, pace, class, materi, learn, live, zoom, prefer, teacher",,
709.0,0.0,"work, time, pace, class, materi, learn, live, zoom, prefer, teacher",,
710.0,0.0,"work, time, pace, class, materi, learn, live, zoom, prefer, teacher",,
711.0,0.0,"work, time, pace, class, materi, learn, live, zoom, prefer, teacher",,
712.0,0.0,"work, time, pace, class, materi, learn, live, zoom, prefer, teacher",,
713.0,0.0,"work, time, pace, class, materi, learn, live, zoom, prefer, teacher",,
714.0,0.0,"work, time, pace, class, materi, learn, live, zoom, prefer, teacher",,
715.0,0.0,"work, time, pace, class, materi, learn, live, zoom, prefer, teacher",,
716.0,0.0,"work, time, pace, class, materi, learn, live, zoom, prefer, teacher",,
717.0,0.0,"work, time, pace, class, materi, learn, live, zoom, prefer, teacher",,
718.0,0.0,"work, time, pace, class, materi, learn, live, zoom, prefer, teacher",,
719.0,0.0,"work, time, pace, class, materi, learn, live, zoom, prefer, teacher",,
720.0,0.0,"work, time, pace, class, materi, learn, live, zoom, prefer, teacher",,
721.0,0.0,"work, time, pace, class, materi, learn, live, zoom, prefer, teacher",,
722.0,0.0,"work, time, pace, class, materi, learn, live, zoom, prefer, teacher",,
723.0,0.0,"work, time, pace, class, materi, learn, live, zoom, prefer, teacher",,
724.0,0.0,"work, time, pace, class, materi, learn, live, zoom, prefer, teacher",,
725.0,0.0,"work, time, pace, class, materi, learn, live, zoom, prefer, teacher",,
726.0,0.0,"work, time, pace, class, materi, learn, live, zoom, prefer, teacher",,
727.0,0.0,"work, time, pace, class, materi, learn, live, zoom, prefer, teacher",,
728.0,0.0,"work, time, pace, class, materi, learn, live, zoom, prefer, teacher",,
729.0,0.0,"work, time, pace, class, materi, learn, live, zoom, prefer, teacher",,
730.0,0.0,"work, time, pace, class, materi, learn, live, zoom, prefer, teacher",,
731.0,0.0,"work, time, pace, class, materi, learn, live, zoom, prefer, teacher",,
732.0,0.0,"work, time, pace, class, materi, learn, live, zoom, prefer, teacher",,
733.0,0.0,"work, time, pace, class, materi, learn, live, zoom, prefer, teacher",,
734.0,0.0,"work, time, pace, class, materi, learn, live, zoom, prefer, teacher",,
735.0,0.0,"work, time, pace, class, materi, learn, live, zoom, prefer, teacher",,
736.0,0.0,"work, time, pace, class, materi, learn, live, zoom, prefer, teacher",,
737.0,0.0,"work, time, pace, class, materi, learn, live, zoom, prefer, teacher",,
738.0,0.0,"work, time, pace, class, materi, learn, live, zoom, prefer, teacher",,
739.0,0.0,"work, time, pace, class, materi, learn, live, zoom, prefer, teacher",,
740.0,0.0,"work, time, pace, class, materi, learn, live, zoom, prefer, teacher",,
741.0,0.0,"work, time, pace, class, materi, learn, live, zoom, prefer, teacher",,
742.0,0.0,"work, time, pace, class, materi, learn, live, zoom, prefer, teacher",,
743.0,0.0,"work, time, pace, class, materi, learn, live, zoom, prefer, teacher",,
744.0,0.0,"work, time, pace, class, materi, learn, live, zoom, prefer, teacher",,
745.0,0.0,"work, time, pace, class, materi, learn, live, zoom, prefer, teacher",,
746.0,0.0,"work, time, pace, class, materi, learn, live, zoom, prefer, teacher",,
747.0,0.0,"work, time, pace, class, materi, learn, live, zoom, prefer, teacher",,
748.0,0.0,"work, time, pace, class, materi, learn, live, zoom, prefer, teacher",,
749.0,0.0,"work, time, pace, class, materi, learn, live, zoom, prefer, teacher",,
750.0,0.0,"work, time, pace, class, materi, learn, live, zoom, prefer, teacher",,
751.0,0.0,"work, time, pace, class, materi, learn, live, zoom, prefer, teacher",,
752.0,0.0,"work, time, pace, class, materi, learn, live, zoom, prefer, teacher",,
753.0,0.0,"work, time, pace, class, materi, learn, live, zoom, prefer, teacher",,
754.0,0.0,"work, time, pace, class, materi, learn, live, zoom, prefer, teacher",,
755.0,0.0,"work, time, pace, class, materi, learn, live, zoom, prefer, teacher",,
756.0,0.0,"work, time, pace, class, materi, learn, live, zoom, prefer, teacher",,
757.0,0.0,"work, time, pace, class, materi, learn, live, zoom, prefer, teacher",,
758.0,0.0,"work, time, pace, class, materi, learn, live, zoom, prefer, teacher",,
759.0,0.0,"work, time, pace, class, materi, learn, live, zoom, prefer, teacher",,
760.0,0.0,"work, time, pace, class, materi, learn, live, zoom, prefer, teacher",,
761.0,0.0,"work, time, pace, class, materi, learn, live, zoom, prefer, teacher",,
762.0,0.0,"work, time, pace, class, materi, learn, live, zoom, prefer, teacher",,
763.0,0.0,"work, time, pace, class, materi, learn, live, zoom, prefer, teacher",,
764.0,0.0,"work, time, pace, class, materi, learn, live, zoom, prefer, teacher",,
765.0,0.0,"work, time, pace, class, materi, learn, live, zoom, prefer, teacher",,
766.0,0.0,"work, time, pace, class, materi, learn, live, zoom, prefer, teacher",,
767.0,0.0,"work, time, pace, class, materi, learn, live, zoom, prefer, teacher",,
768.0,0.0,"work, time, pace, class, materi, learn, live, zoom, prefer, teacher",,
769.0,0.0,"work, time, pace, class, materi, learn, live, zoom, prefer, teacher",,
770.0,0.0,"work, time, pace, class, materi, learn, live, zoom, prefer, teacher",,
771.0,0.0,"work, time, pace, class, materi, learn, live, zoom, prefer, teacher",,
772.0,0.0,"work, time, pace, class, materi, learn, live, zoom, prefer, teacher",,
773.0,0.0,"work, time, pace, class, materi, learn, live, zoom, prefer, teacher",,
774.0,0.0,"work, time, pace, class, materi, learn, live, zoom, prefer, teacher",,
775.0,0.0,"work, time, pace, class, materi, learn, live, zoom, prefer, teacher",,
776.0,0.0,"work, time, pace, class, materi, learn, live, zoom, prefer, teacher",,
777.0,0.0,"work, time, pace, class, materi, learn, live, zoom, prefer, teacher",,
778.0,0.0,"work, time, pace, class, materi, learn, live, zoom, prefer, teacher",,
779.0,0.0,"work, time, pace, class, materi, learn, live, zoom, prefer, teacher",,
780.0,0.0,"work, time, pace, class, materi, learn, live, zoom, prefer, teacher",,
781.0,0.0,"work, time, pace, class, materi, learn, live, zoom, prefer, teacher",,
782.0,0.0,"work, time, pace, class, materi, learn, live, zoom, prefer, teacher",,
783.0,0.0,"work, time, pace, class, materi, learn, live, zoom, prefer, teacher",,
784.0,0.0,"work, time, pace, class, materi, learn, live, zoom, prefer, teacher",,
785.0,0.0,"work, time, pace, class, materi, learn, live, zoom, prefer, teacher",,
786.0,0.0,"work, time, pace, class, materi, learn, live, zoom, prefer, teacher",,
787.0,0.0,"work, time, pace, class, materi, learn, live, zoom, prefer, teacher",,
788.0,0.0,"work, time, pace, class, materi, learn, live, zoom, prefer, teacher",,
789.0,0.0,"work, time, pace, class, materi, learn, live, zoom, prefer, teacher",,
790.0,0.0,"work, time, pace, class, materi, learn, live, zoom, prefer, teacher",,
791.0,0.0,"work, time, pace, class, materi, learn, live, zoom, prefer, teacher",,
792.0,0.0,"work, time, pace, class, materi, learn, live, zoom, prefer, teacher",,
793.0,0.0,"work, time, pace, class, materi, learn, live, zoom, prefer, teacher",,
794.0,0.0,"work, time, pace, class, materi, learn, live, zoom, prefer, teacher",,
795.0,0.0,"work, time, pace, class, materi, learn, live, zoom, prefer, teacher",,
796.0,0.0,"work, time, pace, class, materi, learn, live, zoom, prefer, teacher",,
797.0,0.0,"work, time, pace, class, materi, learn, live, zoom, prefer, teacher",,
798.0,0.0,"work, time, pace, class, materi, learn, live, zoom, prefer, teacher",,
799.0,0.0,"work, time, pace, class, materi, learn, live, zoom, prefer, teacher",,
800.0,0.0,"work, time, pace, class, materi, learn, live, zoom, prefer, teacher",,
801.0,0.0,"work, time, pace, class, materi, learn, live, zoom, prefer, teacher",,
802.0,0.0,"work, time, pace, class, materi, learn, live, zoom, prefer, teacher",,
803.0,0.0,"work, time, pace, class, materi, learn, live, zoom, prefer, teacher",,
804.0,0.0,"work, time, pace, class, materi, learn, live, zoom, prefer, teacher",,
805.0,0.0,"work, time, pace, class, materi, learn, live, zoom, prefer, teacher",,
806.0,0.0,"work, time, pace, class, materi, learn, live, zoom, prefer, teacher",,
807.0,0.0,"work, time, pace, class, materi, learn, live, zoom, prefer, teacher",,
808.0,0.0,"work, time, pace, class, materi, learn, live, zoom, prefer, teacher",,
809.0,0.0,"work, time, pace, class, materi, learn, live, zoom, prefer, teacher",,
810.0,0.0,"work, time, pace, class, materi, learn, live, zoom, prefer, teacher",,
811.0,0.0,"work, time, pace, class, materi, learn, live, zoom, prefer, teacher",,
812.0,0.0,"work, time, pace, class, materi, learn, live, zoom, prefer, teacher",,
813.0,0.0,"work, time, pace, class, materi, learn, live, zoom, prefer, teacher",,
814.0,0.0,"work, time, pace, class, materi, learn, live, zoom, prefer, teacher",,
815.0,0.0,"work, time, pace, class, materi, learn, live, zoom, prefer, teacher",,
816.0,0.0,"work, time, pace, class, materi, learn, live, zoom, prefer, teacher",,
817.0,0.0,"work, time, pace, class, materi, learn, live, zoom, prefer, teacher",,
818.0,0.0,"work, time, pace, class, materi, learn, live, zoom, prefer, teacher",,
819.0,0.0,"work, time, pace, class, materi, learn, live, zoom, prefer, teacher",,
820.0,0.0,"work, time, pace, class, materi, learn, live, zoom, prefer, teacher",,
821.0,0.0,"work, time, pace, class, materi, learn, live, zoom, prefer, teacher",,
822.0,0.0,"work, time, pace, class, materi, learn, live, zoom, prefer, teacher",,
823.0,0.0,"work, time, pace, class, materi, learn, live, zoom, prefer, teacher",,
824.0,0.0,"work, time, pace, class, materi, learn, live, zoom, prefer, teacher",,
825.0,0.0,"work, time, pace, class, materi, learn, live, zoom, prefer, teacher",,
826.0,0.0,"work, time, pace, class, materi, learn, live, zoom, prefer, teacher",,
827.0,0.0,"work, time, pace, class, materi, learn, live, zoom, prefer, teacher",,
828.0,0.0,"work, time, pace, class, materi, learn, live, zoom, prefer, teacher",,
829.0,0.0,"work, time, pace, class, materi, learn, live, zoom, prefer, teacher",,
830.0,0.0,"work, time, pace, class, materi, learn, live, zoom, prefer, teacher",,
831.0,0.0,"work, time, pace, class, materi, learn, live, zoom, prefer, teacher",,
832.0,0.0,"work, time, pace, class, materi, learn, live, zoom, prefer, teacher",,
833.0,0.0,"work, time, pace, class, materi, learn, live, zoom, prefer, teacher",,
834.0,0.0,"work, time, pace, class, materi, learn, live, zoom, prefer, teacher",,
835.0,0.0,"work, time, pace, class, materi, learn, live, zoom, prefer, teacher",,
836.0,0.0,"work, time, pace, class, materi, learn, live, zoom, prefer, teacher",,
837.0,0.0,"work, time, pace, class, materi, learn, live, zoom, prefer, teacher",,
838.0,0.0,"work, time, pace, class, materi, learn, live, zoom, prefer, teacher",,
839.0,0.0,"work, time, pace, class, materi, learn, live, zoom, prefer, teacher",,
840.0,0.0,"work, time, pace, class, materi, learn, live, zoom, prefer, teacher",,
841.0,0.0,"work, time, pace, class, materi, learn, live, zoom, prefer, teacher",,
842.0,0.0,"work, time, pace, class, materi, learn, live, zoom, prefer, teacher",,
843.0,0.0,"work, time, pace, class, materi, learn, live, zoom, prefer, teacher",,
844.0,0.0,"work, time, pace, class, materi, learn, live, zoom, prefer, teacher",,
845.0,0.0,"work, time, pace, class, materi, learn, live, zoom, prefer, teacher",,
846.0,0.0,"work, time, pace, class, materi, learn, live, zoom, prefer, teacher",,
847.0,0.0,"work, time, pace, class, materi, learn, live, zoom, prefer, teacher",,
848.0,0.0,"work, time, pace, class, materi, learn, live, zoom, prefer, teacher",,
849.0,0.0,"work, time, pace, class, materi, learn, live, zoom, prefer, teacher",,
850.0,0.0,"work, time, pace, class, materi, learn, live, zoom, prefer, teacher",,
851.0,0.0,"work, time, pace, class, materi, learn, live, zoom, prefer, teacher",,
852.0,0.0,"work, time, pace, class, materi, learn, live, zoom, prefer, teacher",,
853.0,0.0,"work, time, pace, class, materi, learn, live, zoom, prefer, teacher",,
854.0,0.0,"work, time, pace, class, materi, learn, live, zoom, prefer, teacher",,
855.0,0.0,"work, time, pace, class, materi, learn, live, zoom, prefer, teacher",,
856.0,0.0,"work, time, pace, class, materi, learn, live, zoom, prefer, teacher",,
857.0,0.0,"work, time, pace, class, materi, learn, live, zoom, prefer, teacher",,
858.0,0.0,"work, time, pace, class, materi, learn, live, zoom, prefer, teacher",,
859.0,0.0,"work, time, pace, class, materi, learn, live, zoom, prefer, teacher",,
860.0,0.0,"work, time, pace, class, materi, learn, live, zoom, prefer, teacher",,
861.0,0.0,"work, time, pace, class, materi, learn, live, zoom, prefer, teacher",,
862.0,0.0,"work, time, pace, class, materi, learn, live, zoom, prefer, teacher",,
863.0,0.0,"work, time, pace, class, materi, learn, live, zoom, prefer, teacher",,
864.0,0.0,"work, time, pace, class, materi, learn, live, zoom, prefer, teacher",,
865.0,0.0,"work, time, pace, class, materi, learn, live, zoom, prefer, teacher",,
866.0,0.0,"work, time, pace, class, materi, learn, live, zoom, prefer, teacher",,
867.0,0.0,"work, time, pace, class, materi, learn, live, zoom, prefer, teacher",,
868.0,0.0,"work, time, pace, class, materi, learn, live, zoom, prefer, teacher",,
869.0,0.0,"work, time, pace, class, materi, learn, live, zoom, prefer, teacher",,
870.0,0.0,"work, time, pace, class, materi, learn, live, zoom, prefer, teacher",,
871.0,0.0,"work, time, pace, class, materi, learn, live, zoom, prefer, teacher",,
872.0,0.0,"work, time, pace, class, materi, learn, live, zoom, prefer, teacher",,
873.0,0.0,"work, time, pace, class, materi, learn, live, zoom, prefer, teacher",,
874.0,0.0,"work, time, pace, class, materi, learn, live, zoom, prefer, teacher",,
875.0,0.0,"work, time, pace, class, materi, learn, live, zoom, prefer, teacher",,
876.0,0.0,"work, time, pace, class, materi, learn, live, zoom, prefer, teacher",,
877.0,0.0,"work, time, pace, class, materi, learn, live, zoom, prefer, teacher",,
878.0,0.0,"work, time, pace, class, materi, learn, live, zoom, prefer, teacher",,
879.0,0.0,"work, time, pace, class, materi, learn, live, zoom, prefer, teacher",,
880.0,0.0,"work, time, pace, class, materi, learn, live, zoom, prefer, teacher",,
881.0,0.0,"work, time, pace, class, materi, learn, live, zoom, prefer, teacher",,
882.0,0.0,"work, time, pace, class, materi, learn, live, zoom, prefer, teacher",,
883.0,0.0,"work, time, pace, class, materi, learn, live, zoom, prefer, teacher",,
884.0,0.0,"work, time, pace, class, materi, learn, live, zoom, prefer, teacher",,
885.0,0.0,"work, time, pace, class, materi, learn, live, zoom, prefer, teacher",,
886.0,0.0,"work, time, pace, class, materi, learn, live, zoom, prefer, teacher",,
887.0,0.0,"work, time, pace, class, materi, learn, live, zoom, prefer, teacher",,
888.0,0.0,"work, time, pace, class, materi, learn, live, zoom, prefer, teacher",,
889.0,0.0,"work, time, pace, class, materi, learn, live, zoom, prefer, teacher",,
890.0,0.0,"work, time, pace, class, materi, learn, live, zoom, prefer, teacher",,
891.0,0.0,"work, time, pace, class, materi, learn, live, zoom, prefer, teacher",,
892.0,0.0,"work, time, pace, class, materi, learn, live, zoom, prefer, teacher",,
893.0,0.0,"work, time, pace, class, materi, learn, live, zoom, prefer, teacher",,
894.0,0.0,"work, time, pace, class, materi, learn, live, zoom, prefer, teacher",,
895.0,0.0,"work, time, pace, class, materi, learn, live, zoom, prefer, teacher",,
896.0,0.0,"work, time, pace, class, materi, learn, live, zoom, prefer, teacher",,
897.0,0.0,"work, time, pace, class, materi, learn, live, zoom, prefer, teacher",,
898.0,0.0,"work, time, pace, class, materi, learn, live, zoom, prefer, teacher",,
899.0,0.0,"work, time, pace, class, materi, learn, live, zoom, prefer, teacher",,
900.0,0.0,"work, time, pace, class, materi, learn, live, zoom, prefer, teacher",,
901.0,0.0,"work, time, pace, class, materi, learn, live, zoom, prefer, teacher",,
902.0,0.0,"work, time, pace, class, materi, learn, live, zoom, prefer, teacher",,
903.0,0.0,"work, time, pace, class, materi, learn, live, zoom, prefer, teacher",,
904.0,0.0,"work, time, pace, class, materi, learn, live, zoom, prefer, teacher",,
905.0,0.0,"work, time, pace, class, materi, learn, live, zoom, prefer, teacher",,
906.0,0.0,"work, time, pace, class, materi, learn, live, zoom, prefer, teacher",,
907.0,0.0,"work, time, pace, class, materi, learn, live, zoom, prefer, teacher",,
908.0,0.0,"work, time, pace, class, materi, learn, live, zoom, prefer, teacher",,
909.0,0.0,"work, time, pace, class, materi, learn, live, zoom, prefer, teacher",,
910.0,0.0,"work, time, pace, class, materi, learn, live, zoom, prefer, teacher",,
911.0,0.0,"work, time, pace, class, materi, learn, live, zoom, prefer, teacher",,
912.0,0.0,"work, time, pace, class, materi, learn, live, zoom, prefer, teacher",,
913.0,0.0,"work, time, pace, class, materi, learn, live, zoom, prefer, teacher",,
914.0,0.0,"work, time, pace, class, materi, learn, live, zoom, prefer, teacher",,
915.0,0.0,"work, time, pace, class, materi, learn, live, zoom, prefer, teacher",,
916.0,0.0,"work, time, pace, class, materi, learn, live, zoom, prefer, teacher",,
917.0,0.0,"work, time, pace, class, materi, learn, live, zoom, prefer, teacher",,
918.0,0.0,"work, time, pace, class, materi, learn, live, zoom, prefer, teacher",,
919.0,0.0,"work, time, pace, class, materi, learn, live, zoom, prefer, teacher",,
920.0,0.0,"work, time, pace, class, materi, learn, live, zoom, prefer, teacher",,
921.0,0.0,"work, time, pace, class, materi, learn, live, zoom, prefer, teacher",,
922.0,0.0,"work, time, pace, class, materi, learn, live, zoom, prefer, teacher",,
923.0,0.0,"work, time, pace, class, materi, learn, live, zoom, prefer, teacher",,
924.0,0.0,"work, time, pace, class, materi, learn, live, zoom, prefer, teacher",,
925.0,0.0,"work, time, pace, class, materi, learn, live, zoom, prefer, teacher",,
926.0,0.0,"work, time, pace, class, materi, learn, live, zoom, prefer, teacher",,
927.0,0.0,"work, time, pace, class, materi, learn, live, zoom, prefer, teacher",,
928.0,0.0,"work, time, pace, class, materi, learn, live, zoom, prefer, teacher",,
929.0,0.0,"work, time, pace, class, materi, learn, live, zoom, prefer, teacher",,
930.0,0.0,"work, time, pace, class, materi, learn, live, zoom, prefer, teacher",,
931.0,0.0,"work, time, pace, class, materi, learn, live, zoom, prefer, teacher",,
932.0,0.0,"work, time, pace, class, materi, learn, live, zoom, prefer, teacher",,
933.0,0.0,"work, time, pace, class, materi, learn, live, zoom, prefer, teacher",,
934.0,0.0,"work, time, pace, class, materi, learn, live, zoom, prefer, teacher",,
935.0,0.0,"work, time, pace, class, materi, learn, live, zoom, prefer, teacher",,
936.0,0.0,"work, time, pace, class, materi, learn, live, zoom, prefer, teacher",,
937.0,0.0,"work, time, pace, class, materi, learn, live, zoom, prefer, teacher",,
938.0,0.0,"work, time, pace, class, materi, learn, live, zoom, prefer, teacher",,
939.0,0.0,"work, time, pace, class, materi, learn, live, zoom, prefer, teacher",,
940.0,0.0,"work, time, pace, class, materi, learn, live, zoom, prefer, teacher",,
941.0,0.0,"work, time, pace, class, materi, learn, live, zoom, prefer, teacher",,
942.0,0.0,"work, time, pace, class, materi, learn, live, zoom, prefer, teacher",,
943.0,0.0,"work, time, pace, class, materi, learn, live, zoom, prefer, teacher",,
944.0,0.0,"work, time, pace, class, materi, learn, live, zoom, prefer, teacher",,
945.0,0.0,"work, time, pace, class, materi, learn, live, zoom, prefer, teacher",,
946.0,0.0,"work, time, pace, class, materi, learn, live, zoom, prefer, teacher",,
947.0,0.0,"work, time, pace, class, materi, learn, live, zoom, prefer, teacher",,
948.0,0.0,"work, time, pace, class, materi, learn, live, zoom, prefer, teacher",,
949.0,0.0,"work, time, pace, class, materi, learn, live, zoom, prefer, teacher",,
950.0,0.0,"work, time, pace, class, materi, learn, live, zoom, prefer, teacher",,
951.0,0.0,"work, time, pace, class, materi, learn, live, zoom, prefer, teacher",,
952.0,0.0,"work, time, pace, class, materi, learn, live, zoom, prefer, teacher",,
953.0,0.0,"work, time, pace, class, materi, learn, live, zoom, prefer, teacher",,
954.0,0.0,"work, time, pace, class, materi, learn, live, zoom, prefer, teacher",,
955.0,0.0,"work, time, pace, class, materi, learn, live, zoom, prefer, teacher",,
956.0,0.0,"work, time, pace, class, materi, learn, live, zoom, prefer, teacher",,
957.0,0.0,"work, time, pace, class, materi, learn, live, zoom, prefer, teacher",,
958.0,0.0,"work, time, pace, class, materi, learn, live, zoom, prefer, teacher",,
959.0,0.0,"work, time, pace, class, materi, learn, live, zoom, prefer, teacher",,
960.0,0.0,"work, time, pace, class, materi, learn, live, zoom, prefer, teacher",,
961.0,0.0,"work, time, pace, class, materi, learn, live, zoom, prefer, teacher",,
962.0,0.0,"work, time, pace, class, materi, learn, live, zoom, prefer, teacher",,
963.0,0.0,"work, time, pace, class, materi, learn, live, zoom, prefer, teacher",,
964.0,0.0,"work, time, pace, class, materi, learn, live, zoom, prefer, teacher",,
965.0,0.0,"work, time, pace, class, materi, learn, live, zoom, prefer, teacher",,
966.0,0.0,"work, time, pace, class, materi, learn, live, zoom, prefer, teacher",,
967.0,0.0,"work, time, pace, class, materi, learn, live, zoom, prefer, teacher",,
968.0,0.0,"work, time, pace, class, materi, learn, live, zoom, prefer, teacher",,
969.0,0.0,"work, time, pace, class, materi, learn, live, zoom, prefer, teacher",,
970.0,0.0,"work, time, pace, class, materi, learn, live, zoom, prefer, teacher",,
971.0,0.0,"work, time, pace, class, materi, learn, live, zoom, prefer, teacher",,
972.0,0.0,"work, time, pace, class, materi, learn, live, zoom, prefer, teacher",,
973.0,0.0,"work, time, pace, class, materi, learn, live, zoom, prefer, teacher",,
974.0,0.0,"work, time, pace, class, materi, learn, live, zoom, prefer, teacher",,
975.0,0.0,"work, time, pace, class, materi, learn, live, zoom, prefer, teacher",,
976.0,0.0,"work, time, pace, class, materi, learn, live, zoom, prefer, teacher",,
977.0,0.0,"work, time, pace, class, materi, learn, live, zoom, prefer, teacher",,
978.0,0.0,"work, time, pace, class, materi, learn, live, zoom, prefer, teacher",,
979.0,0.0,"work, time, pace, class, materi, learn, live, zoom, prefer, teacher",,
980.0,0.0,"work, time, pace, class, materi, learn, live, zoom, prefer, teacher",,
981.0,0.0,"work, time, pace, class, materi, learn, live, zoom, prefer, teacher",,
982.0,0.0,"work, time, pace, class, materi, learn, live, zoom, prefer, teacher",,
983.0,0.0,"work, time, pace, class, materi, learn, live, zoom, prefer, teacher",,
984.0,0.0,"work, time, pace, class, materi, learn, live, zoom, prefer, teacher",,
985.0,0.0,"work, time, pace, class, materi, learn, live, zoom, prefer, teacher",,
986.0,0.0,"work, time, pace, class, materi, learn, live, zoom, prefer, teacher",,
987.0,0.0,"work, time, pace, class, materi, learn, live, zoom, prefer, teacher",,
988.0,0.0,"work, time, pace, class, materi, learn, live, zoom, prefer, teacher",,
989.0,0.0,"work, time, pace, class, materi, learn, live, zoom, prefer, teacher",,
990.0,0.0,"work, time, pace, class, materi, learn, live, zoom, prefer, teacher",,
991.0,0.0,"work, time, pace, class, materi, learn, live, zoom, prefer, teacher",,
992.0,0.0,"work, time, pace, class, materi, learn, live, zoom, prefer, teacher",,
993.0,0.0,"work, time, pace, class, materi, learn, live, zoom, prefer, teacher",,
994.0,0.0,"work, time, pace, class, materi, learn, live, zoom, prefer, teacher",,
995.0,0.0,"work, time, pace, class, materi, learn, live, zoom, prefer, teacher",,
996.0,0.0,"work, time, pace, class, materi, learn, live, zoom, prefer, teacher",,
997.0,0.0,"work, time, pace, class, materi, learn, live, zoom, prefer, teacher",,
998.0,0.0,"work, time, pace, class, materi, learn, live, zoom, prefer, teacher",,
999.0,0.0,"work, time, pace, class, materi, learn, live, zoom, prefer, teacher",,
1000.0,0.0,"work, time, pace, class, materi, learn, live, zoom, prefer, teacher",,
1001.0,0.0,"work, time, pace, class, materi, learn, live, zoom, prefer, teacher",,
1002.0,0.0,"work, time, pace, class, materi, learn, live, zoom, prefer, teacher",,
1003.0,0.0,"work, time, pace, class, materi, learn, live, zoom, prefer, teacher",,
1004.0,0.0,"work, time, pace, class, materi, learn, live, zoom, prefer, teacher",,
1005.0,0.0,"work, time, pace, class, materi, learn, live, zoom, prefer, teacher",,
1006.0,0.0,"work, time, pace, class, materi, learn, live, zoom, prefer, teacher",,
1007.0,0.0,"work, time, pace, class, materi, learn, live, zoom, prefer, teacher",,
1008.0,0.0,"work, time, pace, class, materi, learn, live, zoom, prefer, teacher",,
1009.0,0.0,"work, time, pace, class, materi, learn, live, zoom, prefer, teacher",,
1010.0,0.0,"work, time, pace, class, materi, learn, live, zoom, prefer, teacher",,
1011.0,0.0,"work, time, pace, class, materi, learn, live, zoom, prefer, teacher",,
1012.0,0.0,"work, time, pace, class, materi, learn, live, zoom, prefer, teacher",,
1013.0,0.0,"work, time, pace, class, materi, learn, live, zoom, prefer, teacher",,
1014.0,0.0,"work, time, pace, class, materi, learn, live, zoom, prefer, teacher",,
1015.0,0.0,"work, time, pace, class, materi, learn, live, zoom, prefer, teacher",,
1016.0,0.0,"work, time, pace, class, materi, learn, live, zoom, prefer, teacher",,
1017.0,0.0,"work, time, pace, class, materi, learn, live, zoom, prefer, teacher",,
1018.0,0.0,"work, time, pace, class, materi, learn, live, zoom, prefer, teacher",,
1019.0,0.0,"work, time, pace, class, materi, learn, live, zoom, prefer, teacher",,
1020.0,0.0,"work, time, pace, class, materi, learn, live, zoom, prefer, teacher",,
1021.0,0.0,"work, time, pace, class, materi, learn, live, zoom, prefer, teacher",,
1022.0,0.0,"work, time, pace, class, materi, learn, live, zoom, prefer, teacher",,
1023.0,0.0,"work, time, pace, class, materi, learn, live, zoom, prefer, teacher",,
1024.0,0.0,"work, time, pace, class, materi, learn, live, zoom, prefer, teacher",,
1025.0,0.0,"work, time, pace, class, materi, learn, live, zoom, prefer, teacher",,
1026.0,0.0,"work, time, pace, class, materi, learn, live, zoom, prefer, teacher",,
1027.0,0.0,"work, time, pace, class, materi, learn, live, zoom, prefer, teacher",,
1028.0,0.0,"work, time, pace, class, materi, learn, live, zoom, prefer, teacher",,
1029.0,0.0,"work, time, pace, class, materi, learn, live, zoom, prefer, teacher",,
1030.0,0.0,"work, time, pace, class, materi, learn, live, zoom, prefer, teacher",,
1031.0,0.0,"work, time, pace, class, materi, learn, live, zoom, prefer, teacher",,
1032.0,0.0,"work, time, pace, class, materi, learn, live, zoom, prefer, teacher",,
1033.0,0.0,"work, time, pace, class, materi, learn, live, zoom, prefer, teacher",,
1034.0,0.0,"work, time, pace, class, materi, learn, live, zoom, prefer, teacher",,
1035.0,0.0,"work, time, pace, class, materi, learn, live, zoom, prefer, teacher",,
1036.0,0.0,"work, time, pace, class, materi, learn, live, zoom, prefer, teacher",,
1037.0,0.0,"work, time, pace, class, materi, learn, live, zoom, prefer, teacher",,
1038.0,0.0,"work, time, pace, class, materi, learn, live, zoom, prefer, teacher",,
1039.0,0.0,"work, time, pace, class, materi, learn, live, zoom, prefer, teacher",,
1040.0,0.0,"work, time, pace, class, materi, learn, live, zoom, prefer, teacher",,
1041.0,0.0,"work, time, pace, class, materi, learn, live, zoom, prefer, teacher",,
1042.0,0.0,"work, time, pace, class, materi, learn, live, zoom, prefer, teacher",,
1043.0,0.0,"work, time, pace, class, materi, learn, live, zoom, prefer, teacher",,
1044.0,0.0,"work, time, pace, class, materi, learn, live, zoom, prefer, teacher",,
1045.0,0.0,"work, time, pace, class, materi, learn, live, zoom, prefer, teacher",,
1046.0,0.0,"work, time, pace, class, materi, learn, live, zoom, prefer, teacher",,
1047.0,0.0,"work, time, pace, class, materi, learn, live, zoom, prefer, teacher",,
1048.0,0.0,"work, time, pace, class, materi, learn, live, zoom, prefer, teacher",,
1049.0,0.0,"work, time, pace, class, materi, learn, live, zoom, prefer, teacher",,
1050.0,0.0,"work, time, pace, class, materi, learn, live, zoom, prefer, teacher",,
1051.0,0.0,"work, time, pace, class, materi, learn, live, zoom, prefer, teacher",,
1052.0,0.0,"work, time, pace, class, materi, learn, live, zoom, prefer, teacher",,
1053.0,0.0,"work, time, pace, class, materi, learn, live, zoom, prefer, teacher",,
1054.0,0.0,"work, time, pace, class, materi, learn, live, zoom, prefer, teacher",,
1055.0,0.0,"work, time, pace, class, materi, learn, live, zoom, prefer, teacher",,
1056.0,0.0,"work, time, pace, class, materi, learn, live, zoom, prefer, teacher",,
1057.0,0.0,"work, time, pace, class, materi, learn, live, zoom, prefer, teacher",,
1058.0,0.0,"work, time, pace, class, materi, learn, live, zoom, prefer, teacher",,
1059.0,0.0,"work, time, pace, class, materi, learn, live, zoom, prefer, teacher",,
1060.0,0.0,"work, time, pace, class, materi, learn, live, zoom, prefer, teacher",,
1061.0,0.0,"work, time, pace, class, materi, learn, live, zoom, prefer, teacher",,
1062.0,0.0,"work, time, pace, class, materi, learn, live, zoom, prefer, teacher",,
1063.0,0.0,"work, time, pace, class, materi, learn, live, zoom, prefer, teacher",,
1064.0,0.0,"work, time, pace, class, materi, learn, live, zoom, prefer, teacher",,
1065.0,0.0,"work, time, pace, class, materi, learn, live, zoom, prefer, teacher",,
1066.0,0.0,"work, time, pace, class, materi, learn, live, zoom, prefer, teacher",,
1067.0,0.0,"work, time, pace, class, materi, learn, live, zoom, prefer, teacher",,
1068.0,0.0,"work, time, pace, class, materi, learn, live, zoom, prefer, teacher",,
1069.0,0.0,"work, time, pace, class, materi, learn, live, zoom, prefer, teacher",,
1070.0,0.0,"work, time, pace, class, materi, learn, live, zoom, prefer, teacher",,
1071.0,0.0,"work, time, pace, class, materi, learn, live, zoom, prefer, teacher",,
1072.0,0.0,"work, time, pace, class, materi, learn, live, zoom, prefer, teacher",,
1073.0,0.0,"work, time, pace, class, materi, learn, live, zoom, prefer, teacher",,
1074.0,0.0,"work, time, pace, class, materi, learn, live, zoom, prefer, teacher",,
1075.0,0.0,"work, time, pace, class, materi, learn, live, zoom, prefer, teacher",,
1076.0,0.0,"work, time, pace, class, materi, learn, live, zoom, prefer, teacher",,
1077.0,0.0,"work, time, pace, class, materi, learn, live, zoom, prefer, teacher",,
1078.0,0.0,"work, time, pace, class, materi, learn, live, zoom, prefer, teacher",,
1079.0,0.0,"work, time, pace, class, materi, learn, live, zoom, prefer, teacher",,
1080.0,0.0,"work, time, pace, class, materi, learn, live, zoom, prefer, teacher",,
1081.0,0.0,"work, time, pace, class, materi, learn, live, zoom, prefer, teacher",,
1082.0,0.0,"work, time, pace, class, materi, learn, live, zoom, prefer, teacher",,
1083.0,0.0,"work, time, pace, class, materi, learn, live, zoom, prefer, teacher",,
1084.0,0.0,"work, time, pace, class, materi, learn, live, zoom, prefer, teacher",,
1085.0,0.0,"work, time, pace, class, materi, learn, live, zoom, prefer, teacher",,
1086.0,0.0,"work, time, pace, class, materi, learn, live, zoom, prefer, teacher",,
1087.0,0.0,"work, time, pace, class, materi, learn, live, zoom, prefer, teacher",,
1088.0,0.0,"work, time, pace, class, materi, learn, live, zoom, prefer, teacher",,
1089.0,0.0,"work, time, pace, class, materi, learn, live, zoom, prefer, teacher",,
1090.0,0.0,"work, time, pace, class, materi, learn, live, zoom, prefer, teacher",,
1091.0,0.0,"work, time, pace, class, materi, learn, live, zoom, prefer, teacher",,
1092.0,0.0,"work, time, pace, class, materi, learn, live, zoom, prefer, teacher",,
1093.0,0.0,"work, time, pace, class, materi, learn, live, zoom, prefer, teacher",,
1094.0,0.0,"work, time, pace, class, materi, learn, live, zoom, prefer, teacher",,
1095.0,0.0,"work, time, pace, class, materi, learn, live, zoom, prefer, teacher",,
1096.0,0.0,"work, time, pace, class, materi, learn, live, zoom, prefer, teacher",,
1097.0,0.0,"work, time, pace, class, materi, learn, live, zoom, prefer, teacher",,
1098.0,0.0,"work, time, pace, class, materi, learn, live, zoom, prefer, teacher",,
1099.0,0.0,"work, time, pace, class, materi, learn, live, zoom, prefer, teacher",,
1100.0,0.0,"work, time, pace, class, materi, learn, live, zoom, prefer, teacher",,
1101.0,0.0,"work, time, pace, class, materi, learn, live, zoom, prefer, teacher",,
1102.0,0.0,"work, time, pace, class, materi, learn, live, zoom, prefer, teacher",,
1103.0,0.0,"work, time, pace, class, materi, learn, live, zoom, prefer, teacher",,
1104.0,0.0,"work, time, pace, class, materi, learn, live, zoom, prefer, teacher",,
1105.0,0.0,"work, time, pace, class, materi, learn, live, zoom, prefer, teacher",,
1106.0,0.0,"work, time, pace, class, materi, learn, live, zoom, prefer, teacher",,
1107.0,0.0,"work, time, pace, class, materi, learn, live, zoom, prefer, teacher",,
1108.0,0.0,"work, time, pace, class, materi, learn, live, zoom, prefer, teacher",,
1109.0,0.0,"work, time, pace, class, materi, learn, live, zoom, prefer, teacher",,
1110.0,0.0,"work, time, pace, class, materi, learn, live, zoom, prefer, teacher",,
1111.0,0.0,"work, time, pace, class, materi, learn, live, zoom, prefer, teacher",,
1112.0,0.0,"work, time, pace, class, materi, learn, live, zoom, prefer, teacher",,
1113.0,0.0,"work, time, pace, class, materi, learn, live, zoom, prefer, teacher",,
1114.0,0.0,"work, time, pace, class, materi, learn, live, zoom, prefer, teacher",,
1115.0,0.0,"work, time, pace, class, materi, learn, live, zoom, prefer, teacher",,
1116.0,0.0,"work, time, pace, class, materi, learn, live, zoom, prefer, teacher",,
1117.0,0.0,"work, time, pace, class, materi, learn, live, zoom, prefer, teacher",,
1118.0,0.0,"work, time, pace, class, materi, learn, live, zoom, prefer, teacher",,
1119.0,0.0,"work, time, pace, class, materi, learn, live, zoom, prefer, teacher",,
1120.0,0.0,"work, time, pace, class, materi, learn, live, zoom, prefer, teacher",,
1121.0,0.0,"work, time, pace, class, materi, learn, live, zoom, prefer, teacher",,
1122.0,0.0,"work, time, pace, class, materi, learn, live, zoom, prefer, teacher",,
1123.0,0.0,"work, time, pace, class, materi, learn, live, zoom, prefer, teacher",,
1124.0,0.0,"work, time, pace, class, materi, learn, live, zoom, prefer, teacher",,
1125.0,0.0,"work, time, pace, class, materi, learn, live, zoom, prefer, teacher",,
1126.0,0.0,"work, time, pace, class, materi, learn, live, zoom, prefer, teacher",,
1127.0,0.0,"work, time, pace, class, materi, learn, live, zoom, prefer, teacher",,
1128.0,0.0,"work, time, pace, class, materi, learn, live, zoom, prefer, teacher",,
1129.0,0.0,"work, time, pace, class, materi, learn, live, zoom, prefer, teacher",,
1130.0,0.0,"work, time, pace, class, materi, learn, live, zoom, prefer, teacher",,
1131.0,0.0,"work, time, pace, class, materi, learn, live, zoom, prefer, teacher",,
1132.0,0.0,"work, time, pace, class, materi, learn, live, zoom, prefer, teacher",,
1133.0,0.0,"work, time, pace, class, materi, learn, live, zoom, prefer, teacher",,
1134.0,0.0,"work, time, pace, class, materi, learn, live, zoom, prefer, teacher",,
1135.0,0.0,"work, time, pace, class, materi, learn, live, zoom, prefer, teacher",,
1136.0,0.0,"work, time, pace, class, materi, learn, live, zoom, prefer, teacher",,
1137.0,0.0,"work, time, pace, class, materi, learn, live, zoom, prefer, teacher",,
1138.0,0.0,"work, time, pace, class, materi, learn, live, zoom, prefer, teacher",,
1139.0,0.0,"work, time, pace, class, materi, learn, live, zoom, prefer, teacher",,
1140.0,0.0,"work, time, pace, class, materi, learn, live, zoom, prefer, teacher",,
1141.0,0.0,"work, time, pace, class, materi, learn, live, zoom, prefer, teacher",,
1142.0,0.0,"work, time, pace, class, materi, learn, live, zoom, prefer, teacher",,
1143.0,0.0,"work, time, pace, class, materi, learn, live, zoom, prefer, teacher",,
1144.0,0.0,"work, time, pace, class, materi, learn, live, zoom, prefer, teacher",,
1145.0,0.0,"work, time, pace, class, materi, learn, live, zoom, prefer, teacher",,
1146.0,0.0,"work, time, pace, class, materi, learn, live, zoom, prefer, teacher",,
1147.0,0.0,"work, time, pace, class, materi, learn, live, zoom, prefer, teacher",,
1148.0,0.0,"work, time, pace, class, materi, learn, live, zoom, prefer, teacher",,
1149.0,0.0,"work, time, pace, class, materi, learn, live, zoom, prefer, teacher",,
1150.0,0.0,"work, time, pace, class, materi, learn, live, zoom, prefer, teacher",,
1151.0,0.0,"work, time, pace, class, materi, learn, live, zoom, prefer, teacher",,
1152.0,0.0,"work, time, pace, class, materi, learn, live, zoom, prefer, teacher",,
1153.0,0.0,"work, time, pace, class, materi, learn, live, zoom, prefer, teacher",,
1154.0,0.0,"work, time, pace, class, materi, learn, live, zoom, prefer, teacher",,
1155.0,0.0,"work, time, pace, class, materi, learn, live, zoom, prefer, teacher",,
1156.0,0.0,"work, time, pace, class, materi, learn, live, zoom, prefer, teacher",,
1157.0,0.0,"work, time, pace, class, materi, learn, live, zoom, prefer, teacher",,
1158.0,0.0,"work, time, pace, class, materi, learn, live, zoom, prefer, teacher",,
1159.0,0.0,"work, time, pace, class, materi, learn, live, zoom, prefer, teacher",,
1160.0,0.0,"work, time, pace, class, materi, learn, live, zoom, prefer, teacher",,
1161.0,0.0,"work, time, pace, class, materi, learn, live, zoom, prefer, teacher",,
1162.0,0.0,"work, time, pace, class, materi, learn, live, zoom, prefer, teacher",,
1163.0,0.0,"work, time, pace, class, materi, learn, live, zoom, prefer, teacher",,
1164.0,0.0,"work, time, pace, class, materi, learn, live, zoom, prefer, teacher",,
1165.0,0.0,"work, time, pace, class, materi, learn, live, zoom, prefer, teacher",,
1166.0,0.0,"work, time, pace, class, materi, learn, live, zoom, prefer, teacher",,
1167.0,0.0,"work, time, pace, class, materi, learn, live, zoom, prefer, teacher",,
1168.0,0.0,"work, time, pace, class, materi, learn, live, zoom, prefer, teacher",,
1169.0,0.0,"work, time, pace, class, materi, learn, live, zoom, prefer, teacher",,
1170.0,0.0,"work, time, pace, class, materi, learn, live, zoom, prefer, teacher",,
1171.0,0.0,"work, time, pace, class, materi, learn, live, zoom, prefer, teacher",,
1172.0,0.0,"work, time, pace, class, materi, learn, live, zoom, prefer, teacher",,
1173.0,0.0,"work, time, pace, class, materi, learn, live, zoom, prefer, teacher",,
1174.0,0.0,"work, time, pace, class, materi, learn, live, zoom, prefer, teacher",,
1175.0,0.0,"work, time, pace, class, materi, learn, live, zoom, prefer, teacher",,
1176.0,0.0,"work, time, pace, class, materi, learn, live, zoom, prefer, teacher",,
1177.0,0.0,"work, time, pace, class, materi, learn, live, zoom, prefer, teacher",,
1178.0,0.0,"work, time, pace, class, materi, learn, live, zoom, prefer, teacher",,
1179.0,0.0,"work, time, pace, class, materi, learn, live, zoom, prefer, teacher",,
1180.0,0.0,"work, time, pace, class, materi, learn, live, zoom, prefer, teacher",,
1181.0,0.0,"work, time, pace, class, materi, learn, live, zoom, prefer, teacher",,
1182.0,0.0,"work, time, pace, class, materi, learn, live, zoom, prefer, teacher",,
1183.0,0.0,"work, time, pace, class, materi, learn, live, zoom, prefer, teacher",,
1184.0,0.0,"work, time, pace, class, materi, learn, live, zoom, prefer, teacher",,
1185.0,0.0,"work, time, pace, class, materi, learn, live, zoom, prefer, teacher",,
1186.0,0.0,"work, time, pace, class, materi, learn, live, zoom, prefer, teacher",,
